ts,strategy,cash,position_cost,realized_pnl,equity
2026-06-10T08:00:06Z,calibration_overlay,1000.0,0.0,0.0,1000.0
2026-06-10T08:00:06Z,climatology,738.5999999999997,261.4,0.0,999.9999999999997
2026-06-10T08:00:06Z,ensemble_divergence,756.2299999999998,243.77,0.0,999.9999999999998
2026-06-10T08:00:06Z,event_arbitrage,1000.0,0.0,0.0,1000.0
2026-06-10T08:00:06Z,intraday_nowcast,1000.0,0.0,0.0,1000.0
2026-06-10T08:00:06Z,longshot_fade,784.2199999999997,215.78,0.0,999.9999999999997
2026-06-10T11:00:05Z,calibration_overlay,1000.0,0.0,0.0,1000.0
2026-06-10T11:00:05Z,climatology,738.5999999999997,261.4,0.0,999.9999999999997
2026-06-10T11:00:05Z,ensemble_divergence,756.2299999999998,243.77,0.0,999.9999999999998
2026-06-10T11:00:05Z,event_arbitrage,1000.0,0.0,0.0,1000.0
2026-06-10T11:00:05Z,intraday_nowcast,1000.0,0.0,0.0,1000.0
2026-06-10T11:00:05Z,longshot_fade,765.1399999999998,234.85999999999999,0.0,999.9999999999998
2026-06-10T14:00:05Z,calibration_overlay,1000.0,0.0,0.0,1000.0
2026-06-10T14:00:05Z,climatology,707.0299999999996,292.97,0.0,999.9999999999997
2026-06-10T14:00:05Z,ensemble_divergence,733.9299999999998,266.07,0.0,999.9999999999998
2026-06-10T14:00:05Z,event_arbitrage,1000.0,0.0,0.0,1000.0
2026-06-10T14:00:05Z,intraday_nowcast,738.5699999999999,261.43,0.0,1000.0
2026-06-10T14:00:05Z,longshot_fade,755.5999999999998,244.4,0.0,999.9999999999998
2026-06-10T17:00:06Z,calibration_overlay,979.2600000000001,20.740000000000002,0.0,1000.0000000000001
2026-06-10T17:00:06Z,climatology,401.84999999999957,599.53,1.3800000000000026,1001.3799999999995
2026-06-10T17:00:06Z,ensemble_divergence,480.45999999999987,524.1999999999999,4.66,1004.6599999999999
2026-06-10T17:00:06Z,event_arbitrage,1000.0,0.0,0.0,1000.0
2026-06-10T17:00:06Z,intraday_nowcast,652.65,343.31,-4.040000000000003,995.96
2026-06-10T17:00:06Z,longshot_fade,580.0299999999996,419.96999999999997,0.0,999.9999999999995
2026-06-10T18:30:05Z,calibration_overlay,979.2600000000001,20.740000000000002,0.0,1000.0000000000001
2026-06-10T18:30:05Z,climatology,401.84999999999957,599.53,1.3800000000000026,1001.3799999999995
2026-06-10T18:30:05Z,ensemble_divergence,480.45999999999987,524.1999999999999,4.66,1004.6599999999999
2026-06-10T18:30:05Z,event_arbitrage,1000.0,0.0,0.0,1000.0
2026-06-10T18:30:05Z,intraday_nowcast,652.65,343.31,-4.040000000000003,995.96
2026-06-10T18:30:05Z,longshot_fade,580.0299999999996,419.96999999999997,0.0,999.9999999999995
2026-06-10T20:00:08Z,calibration_overlay,969.4400000000002,30.560000000000002,0.0,1000.0000000000002
2026-06-10T20:00:08Z,climatology,546.0699999999996,514.97,61.04,1061.0399999999995
2026-06-10T20:00:08Z,ensemble_divergence,443.0299999999998,578.39,21.42,1021.4199999999998
2026-06-10T20:00:08Z,event_arbitrage,1000.0,0.0,0.0,1000.0
2026-06-10T20:00:08Z,intraday_nowcast,773.4600000000003,332.84000000000003,106.3,1106.3000000000002
2026-06-10T20:00:08Z,longshot_fade,503.0799999999996,496.91999999999996,0.0,999.9999999999995
2026-06-10T22:30:08Z,calibration_overlay,969.4400000000002,30.560000000000002,0.0,1000.0000000000002
2026-06-10T22:30:08Z,climatology,546.0699999999996,514.97,61.04,1061.0399999999995
2026-06-10T22:30:08Z,ensemble_divergence,443.0299999999998,578.39,21.42,1021.4199999999998
2026-06-10T22:30:08Z,event_arbitrage,1000.0,0.0,0.0,1000.0
2026-06-10T22:30:08Z,intraday_nowcast,773.4600000000003,332.84000000000003,106.3,1106.3000000000002
2026-06-10T22:30:08Z,longshot_fade,503.0799999999996,496.91999999999996,0.0,999.9999999999995
2026-06-10T23:00:03Z,calibration_overlay,969.4400000000002,30.560000000000002,0.0,1000.0000000000002
2026-06-10T23:00:03Z,climatology,657.5399999999996,474.98,132.52,1132.5199999999995
2026-06-10T23:00:03Z,ensemble_divergence,613.88,511.26,125.14,1125.1399999999999
2026-06-10T23:00:03Z,event_arbitrage,1000.0,0.0,0.0,1000.0
2026-06-10T23:00:03Z,intraday_nowcast,1047.3600000000004,213.43,260.79,1260.7900000000004
2026-06-10T23:00:03Z,longshot_fade,453.90999999999957,546.09,0.0,999.9999999999995
2026-06-11T17:38:30Z,calibration_overlay,907.0000000000001,93.0,0.0,1000.0000000000001
2026-06-11T17:38:30Z,climatology,562.2699999999998,599.88,162.15,1162.1499999999996
2026-06-11T17:38:30Z,ensemble_divergence,554.63,600.0,154.63,1154.63
2026-06-11T17:38:30Z,event_arbitrage,1000.0,0.0,0.0,1000.0
2026-06-11T17:38:30Z,intraday_nowcast,770.3600000000004,490.43,260.79,1260.7900000000004
2026-06-11T17:38:30Z,longshot_fade,400.7399999999995,599.26,0.0,999.9999999999995
2026-06-11T18:30:05Z,calibration_overlay,937.0000000000001,62.44,-0.5600000000000023,999.44
2026-06-11T18:30:05Z,climatology,637.2699999999998,468.46,105.72999999999999,1105.7299999999998
2026-06-11T18:30:05Z,ensemble_divergence,674.63,415.65,90.27999999999999,1090.28
2026-06-11T18:30:05Z,event_arbitrage,1000.0,0.0,0.0,1000.0
2026-06-11T18:30:05Z,intraday_nowcast,820.3600000000004,277.0,97.36000000000011,1097.3600000000004
2026-06-11T18:30:05Z,longshot_fade,740.7399999999996,256.81,-2.449999999999992,997.5499999999995
2026-06-11T20:00:05Z,calibration_overlay,937.0000000000001,62.44,-0.5600000000000023,999.44
2026-06-11T20:00:05Z,climatology,508.6999999999998,585.35,94.04999999999998,1094.0499999999997
2026-06-11T20:00:05Z,ensemble_divergence,490.31999999999994,599.96,90.27999999999999,1090.28
2026-06-11T20:00:05Z,event_arbitrage,1000.0,0.0,0.0,1000.0
2026-06-11T20:00:05Z,intraday_nowcast,742.6300000000005,338.31,80.94000000000011,1080.9400000000005
2026-06-11T20:00:05Z,longshot_fade,500.66399999999965,496.88599999999997,-2.449999999999992,997.5499999999996
2026-06-11T22:30:03Z,calibration_overlay,937.0000000000001,62.44,-0.5600000000000023,999.44
2026-06-11T22:30:03Z,climatology,508.6999999999998,585.35,94.04999999999998,1094.0499999999997
2026-06-11T22:30:03Z,ensemble_divergence,490.31999999999994,599.96,90.27999999999999,1090.28
2026-06-11T22:30:03Z,event_arbitrage,1000.0,0.0,0.0,1000.0
2026-06-11T22:30:03Z,intraday_nowcast,742.6300000000005,338.31,80.94000000000011,1080.9400000000005
2026-06-11T22:30:03Z,longshot_fade,500.66399999999965,496.88599999999997,-2.449999999999992,997.5499999999996
2026-06-11T23:00:04Z,calibration_overlay,937.0000000000001,62.44,-0.5600000000000023,999.44
2026-06-11T23:00:04Z,climatology,522.8299999999999,575.2,98.02999999999999,1098.03
2026-06-11T23:00:04Z,ensemble_divergence,556.42,599.77,156.18999999999997,1156.19
2026-06-11T23:00:04Z,event_arbitrage,1000.0,0.0,0.0,1000.0
2026-06-11T23:00:04Z,intraday_nowcast,1007.4300000000004,191.97,199.40000000000012,1199.4000000000003
2026-06-11T23:00:04Z,longshot_fade,433.8239999999996,563.726,-2.449999999999992,997.5499999999996
2026-06-12T02:00:05Z,calibration_overlay,937.0000000000001,62.44,-0.5600000000000023,999.44
2026-06-12T02:00:05Z,climatology,572.29,542.14,114.42999999999999,1114.4299999999998
2026-06-12T02:00:05Z,ensemble_divergence,556.2099999999999,599.98,156.18999999999997,1156.19
2026-06-12T02:00:05Z,event_arbitrage,1000.0,0.0,0.0,1000.0
2026-06-12T02:00:05Z,intraday_nowcast,1007.4300000000004,191.97,199.40000000000012,1199.4000000000003
2026-06-12T02:00:05Z,longshot_fade,433.8239999999996,563.726,-2.449999999999992,997.5499999999996
2026-06-12T05:00:07Z,calibration_overlay,937.0000000000001,62.44,-0.5600000000000023,999.44
2026-06-12T05:00:07Z,climatology,552.9699999999999,561.46,114.42999999999999,1114.4299999999998
2026-06-12T05:00:07Z,ensemble_divergence,556.2099999999999,599.98,156.18999999999997,1156.19
2026-06-12T05:00:07Z,event_arbitrage,1000.0,0.0,0.0,1000.0
2026-06-12T05:00:07Z,intraday_nowcast,1007.4300000000004,191.97,199.40000000000012,1199.4000000000003
2026-06-12T05:00:07Z,longshot_fade,433.8239999999996,563.726,-2.449999999999992,997.5499999999996
2026-06-12T08:00:09Z,calibration_overlay,937.0000000000001,62.44,-0.5600000000000023,999.44
2026-06-12T08:00:09Z,climatology,552.9699999999999,561.46,114.42999999999999,1114.4299999999998
2026-06-12T08:00:09Z,ensemble_divergence,556.2099999999999,599.98,156.18999999999997,1156.19
2026-06-12T08:00:09Z,event_arbitrage,1000.0,0.0,0.0,1000.0
2026-06-12T08:00:09Z,intraday_nowcast,1007.4300000000004,191.97,199.40000000000012,1199.4000000000003
2026-06-12T08:00:09Z,longshot_fade,405.2039999999996,592.346,-2.449999999999992,997.5499999999996
2026-06-12T11:00:05Z,calibration_overlay,937.0000000000001,62.44,-0.5600000000000023,999.44
2026-06-12T11:00:05Z,climatology,576.8999999999999,542.14,119.03999999999999,1119.04
2026-06-12T11:00:05Z,ensemble_divergence,557.13,599.58,156.70999999999998,1156.71
2026-06-12T11:00:05Z,event_arbitrage,1000.0,0.0,0.0,1000.0
2026-06-12T11:00:05Z,intraday_nowcast,1007.4300000000004,191.97,199.40000000000012,1199.4000000000003
2026-06-12T11:00:05Z,longshot_fade,397.62399999999957,599.9259999999999,-2.449999999999992,997.5499999999995
2026-06-12T14:00:04Z,calibration_overlay,937.0000000000001,62.44,-0.5600000000000023,999.44
2026-06-12T14:00:04Z,climatology,573.4499999999998,545.59,119.03999999999999,1119.04
2026-06-12T14:00:04Z,ensemble_divergence,556.79,599.92,156.70999999999998,1156.71
2026-06-12T14:00:04Z,event_arbitrage,1000.0,0.0,0.0,1000.0
2026-06-12T14:00:04Z,intraday_nowcast,701.9400000000003,497.46,199.40000000000012,1199.4000000000003
2026-06-12T14:00:04Z,longshot_fade,397.62399999999957,599.9259999999999,-2.449999999999992,997.5499999999995
2026-06-12T16:10:17Z,calibration_overlay,937.0000000000001,62.44,-0.5600000000000023,999.44
2026-06-12T16:10:17Z,climatology,519.0599999999997,599.98,119.03999999999999,1119.0399999999997
2026-06-12T16:10:17Z,ensemble_divergence,556.79,599.92,156.70999999999998,1156.71
2026-06-12T16:10:17Z,ensemble_divergence_lh,761.18,238.82,0.0,1000.0
2026-06-12T16:10:17Z,event_arbitrage,1000.0,0.0,0.0,1000.0
2026-06-12T16:10:17Z,intraday_nowcast,607.8000000000003,599.98,207.78000000000011,1207.7800000000002
2026-06-12T16:10:17Z,longshot_fade,397.62399999999957,599.9259999999999,-2.449999999999992,997.5499999999995
2026-06-12T17:00:06Z,calibration_overlay,888.6400000000001,110.8,-0.5600000000000023,999.44
2026-06-12T17:00:06Z,climatology,491.53,599.98,91.51,1091.51
2026-06-12T17:00:06Z,ensemble_divergence,556.79,599.92,156.70999999999998,1156.71
2026-06-12T17:00:06Z,ensemble_divergence_lh,727.76,272.24,0.0,1000.0
2026-06-12T17:00:06Z,event_arbitrage,1000.0,0.0,0.0,1000.0
2026-06-12T17:00:06Z,intraday_nowcast,600.5500000000003,599.38,199.93000000000012,1199.9300000000003
2026-06-12T17:00:06Z,longshot_fade,397.62399999999957,599.9259999999999,-2.449999999999992,997.5499999999995
2026-06-12T18:30:14Z,calibration_overlay,948.6400000000001,48.36,-3.0000000000000018,997.0000000000001
2026-06-12T18:30:14Z,climatology,641.53,376.17,17.70000000000002,1017.7
2026-06-12T18:30:14Z,ensemble_divergence,756.79,321.26,78.04999999999995,1078.05
2026-06-12T18:30:14Z,ensemble_divergence_lh,727.76,272.24,0.0,1000.0
2026-06-12T18:30:14Z,event_arbitrage,1000.0,0.0,0.0,1000.0
2026-06-12T18:30:14Z,intraday_nowcast,650.5500000000003,407.41,57.96000000000022,1057.9600000000003
2026-06-12T18:30:14Z,longshot_fade,747.6239999999996,249.346,-3.0299999999999816,996.9699999999996
2026-06-12T20:00:14Z,calibration_overlay,922.0100000000001,74.99,-3.0000000000000018,997.0000000000001
2026-06-12T20:00:14Z,climatology,431.64999999999986,565.91,-2.43999999999998,997.5599999999998
2026-06-12T20:00:14Z,ensemble_divergence,487.99000000000007,599.92,87.90999999999995,1087.91
2026-06-12T20:00:14Z,ensemble_divergence_lh,657.31,342.69,0.0,1000.0
2026-06-12T20:00:14Z,event_arbitrage,1000.0,0.0,0.0,1000.0
2026-06-12T20:00:14Z,intraday_nowcast,665.2400000000002,443.35,108.59000000000023,1108.5900000000001
2026-06-12T20:00:14Z,longshot_fade,494.1739999999993,502.796,-3.0299999999999816,996.9699999999993
2026-06-12T22:33:16Z,calibration_overlay,922.0100000000001,74.99,-3.0000000000000018,997.0000000000001
2026-06-12T22:33:16Z,climatology,431.64999999999986,565.91,-2.43999999999998,997.5599999999998
2026-06-12T22:33:16Z,ensemble_divergence,487.99000000000007,599.92,87.90999999999995,1087.91
2026-06-12T22:33:16Z,ensemble_divergence_lh,657.31,342.69,0.0,1000.0
2026-06-12T22:33:16Z,event_arbitrage,1000.0,0.0,0.0,1000.0
2026-06-12T22:33:16Z,intraday_nowcast,665.2400000000002,443.35,108.59000000000023,1108.5900000000001
2026-06-12T22:33:16Z,longshot_fade,494.1739999999993,502.796,-3.0299999999999816,996.9699999999993
2026-06-15T17:00:05Z,calibration_overlay,922.0100000000001,74.99,-3.0000000000000018,997.0000000000001
2026-06-15T17:00:05Z,climatology,397.8499999999998,599.71,-2.43999999999998,997.5599999999998
2026-06-15T17:00:05Z,ensemble_divergence,487.99000000000007,599.92,87.90999999999995,1087.91
2026-06-15T17:00:05Z,ensemble_divergence_lh,429.7299999999998,570.27,0.0,999.9999999999998
2026-06-15T17:00:05Z,event_arbitrage,1000.0,0.0,0.0,1000.0
2026-06-15T17:00:05Z,intraday_nowcast,508.64,599.95,108.59000000000023,1108.5900000000001
2026-06-15T17:00:05Z,longshot_fade,397.3739999999992,599.596,-3.0299999999999816,996.9699999999992
2026-06-15T18:30:04Z,calibration_overlay,952.0100000000001,0.0,-47.989999999999995,952.0100000000001
2026-06-15T18:30:04Z,climatology,872.8499999999998,33.8,-93.34999999999997,906.6499999999997
2026-06-15T18:30:04Z,ensemble_divergence,927.99,0.0,-72.01000000000005,927.99
2026-06-15T18:30:04Z,ensemble_divergence_lh,749.7299999999998,227.58,-22.689999999999998,977.3099999999998
2026-06-15T18:30:04Z,event_arbitrage,1000.0,0.0,0.0,1000.0
2026-06-15T18:30:04Z,intraday_nowcast,808.64,156.6,-34.759999999999756,965.24
2026-06-15T18:30:04Z,longshot_fade,894.3739999999992,96.8,-8.825999999999974,991.1739999999992
2026-06-15T20:00:04Z,calibration_overlay,952.0100000000001,0.0,-47.989999999999995,952.0100000000001
2026-06-15T20:00:04Z,climatology,539.35,367.3,-93.34999999999997,906.6500000000001
2026-06-15T20:00:04Z,ensemble_divergence,498.00000000000017,429.99,-72.01000000000005,927.9900000000002
2026-06-15T20:00:04Z,ensemble_divergence_lh,651.4799999999998,325.83,-22.689999999999998,977.3099999999997
2026-06-15T20:00:04Z,event_arbitrage,1000.0,0.0,0.0,1000.0
2026-06-15T20:00:04Z,intraday_nowcast,688.0899999999999,312.42,0.5100000000002467,1000.51
2026-06-15T20:00:04Z,longshot_fade,480.5539999999994,510.62,-8.825999999999974,991.1739999999994
2026-06-15T22:30:05Z,calibration_overlay,952.0100000000001,0.0,-47.989999999999995,952.0100000000001
2026-06-15T22:30:05Z,climatology,539.35,367.3,-93.34999999999997,906.6500000000001
2026-06-15T22:30:05Z,ensemble_divergence,498.00000000000017,429.99,-72.01000000000005,927.9900000000002
2026-06-15T22:30:05Z,ensemble_divergence_lh,651.4799999999998,325.83,-22.689999999999998,977.3099999999997
2026-06-15T22:30:05Z,event_arbitrage,1000.0,0.0,0.0,1000.0
2026-06-15T22:30:05Z,intraday_nowcast,688.0899999999999,312.42,0.5100000000002467,1000.51
2026-06-15T22:30:05Z,longshot_fade,480.5539999999994,510.62,-8.825999999999974,991.1739999999994
2026-06-15T23:00:03Z,calibration_overlay,952.0100000000001,0.0,-47.989999999999995,952.0100000000001
2026-06-15T23:00:03Z,climatology,545.96,380.13,-73.90999999999997,926.09
2026-06-15T23:00:03Z,ensemble_divergence,432.20000000000016,546.52,-21.280000000000054,978.7200000000001
2026-06-15T23:00:03Z,ensemble_divergence_lh,550.1999999999998,427.11,-22.689999999999998,977.3099999999998
2026-06-15T23:00:03Z,event_arbitrage,1000.0,0.0,0.0,1000.0
2026-06-15T23:00:03Z,intraday_nowcast,765.4300000000001,298.49,63.92000000000024,1063.92
2026-06-15T23:00:03Z,longshot_fade,422.4139999999994,568.76,-8.825999999999974,991.1739999999994
2026-06-16T05:00:54Z,calibration_overlay,952.0100000000001,0.0,-47.989999999999995,952.0100000000001
2026-06-16T05:00:54Z,climatology,530.9900000000001,418.7,-50.30999999999997,949.69
2026-06-16T05:00:54Z,ensemble_divergence,379.66000000000014,599.06,-21.280000000000054,978.72
2026-06-16T05:00:54Z,ensemble_divergence_lh,550.1999999999998,427.11,-22.689999999999998,977.3099999999998
2026-06-16T05:00:54Z,event_arbitrage,1000.0,0.0,0.0,1000.0
2026-06-16T05:00:54Z,intraday_nowcast,765.4300000000001,298.49,63.92000000000024,1063.92
2026-06-16T05:00:54Z,longshot_fade,412.4139999999994,578.76,-8.825999999999974,991.1739999999994
2026-06-16T17:00:05Z,calibration_overlay,929.9800000000001,22.029999999999998,-47.989999999999995,952.0100000000001
2026-06-16T17:00:05Z,climatology,361.2900000000001,599.87,-38.83999999999997,961.1600000000001
2026-06-16T17:00:05Z,ensemble_divergence,389.15000000000015,599.92,-10.930000000000057,989.0700000000002
2026-06-16T17:00:05Z,ensemble_divergence_lh,377.7299999999998,599.58,-22.689999999999998,977.3099999999998
2026-06-16T17:00:05Z,event_arbitrage,1000.0,0.0,0.0,1000.0
2026-06-16T17:00:05Z,intraday_nowcast,463.96999999999974,599.95,63.92000000000024,1063.9199999999998
2026-06-16T17:00:05Z,longshot_fade,392.00399999999945,599.17,-8.825999999999974,991.1739999999994
2026-06-16T18:30:05Z,calibration_overlay,929.9800000000001,22.029999999999998,-47.989999999999995,952.0100000000001
2026-06-16T18:30:05Z,climatology,386.2900000000001,534.37,-79.33999999999997,920.6600000000001
2026-06-16T18:30:05Z,ensemble_divergence,429.15000000000015,431.71999999999997,-139.13000000000005,860.8700000000001
2026-06-16T18:30:05Z,ensemble_divergence_lh,377.7299999999998,599.58,-22.689999999999998,977.3099999999998
2026-06-16T18:30:05Z,event_arbitrage,1000.0,0.0,0.0,1000.0
2026-06-16T18:30:05Z,intraday_nowcast,513.9699999999998,301.46,-184.56999999999974,815.4299999999998
2026-06-16T18:30:05Z,longshot_fade,742.0039999999995,252.29999999999998,-5.695999999999966,994.3039999999994
2026-06-16T20:00:05Z,calibration_overlay,927.7400000000001,24.269999999999996,-47.989999999999995,952.0100000000001
2026-06-16T20:00:05Z,climatology,343.1000000000001,599.9399999999999,-56.95999999999997,943.04
2026-06-16T20:00:05Z,ensemble_divergence,325.53999999999996,599.9,-74.56000000000006,925.4399999999999
2026-06-16T20:00:05Z,ensemble_divergence_lh,377.4299999999998,599.88,-22.689999999999998,977.3099999999997
2026-06-16T20:00:05Z,event_arbitrage,1000.0,0.0,0.0,1000.0
2026-06-16T20:00:05Z,intraday_nowcast,537.2799999999999,314.18,-148.53999999999974,851.4599999999998
2026-06-16T20:00:05Z,longshot_fade,496.92399999999947,497.38,-5.695999999999966,994.3039999999994
2026-06-16T22:30:06Z,calibration_overlay,927.7400000000001,24.269999999999996,-47.989999999999995,952.0100000000001
2026-06-16T22:30:06Z,climatology,343.1000000000001,599.9399999999999,-56.95999999999997,943.04
2026-06-16T22:30:06Z,ensemble_divergence,325.53999999999996,599.9,-74.56000000000006,925.4399999999999
2026-06-16T22:30:06Z,ensemble_divergence_lh,377.4299999999998,599.88,-22.689999999999998,977.3099999999997
2026-06-16T22:30:06Z,event_arbitrage,1000.0,0.0,0.0,1000.0
2026-06-16T22:30:06Z,intraday_nowcast,537.2799999999999,314.18,-148.53999999999974,851.4599999999998
2026-06-16T22:30:06Z,longshot_fade,496.92399999999947,497.38,-5.695999999999966,994.3039999999994
2026-06-16T23:00:05Z,calibration_overlay,927.7400000000001,24.269999999999996,-47.989999999999995,952.0100000000001
2026-06-16T23:00:05Z,climatology,369.14000000000016,599.37,-31.489999999999974,968.5100000000002
2026-06-16T23:00:05Z,ensemble_divergence,345.9099999999999,600.0,-54.09000000000006,945.9099999999999
2026-06-16T23:00:05Z,ensemble_divergence_lh,377.4299999999998,599.88,-22.689999999999998,977.3099999999997
2026-06-16T23:00:05Z,event_arbitrage,1000.0,0.0,0.0,1000.0
2026-06-16T23:00:05Z,intraday_nowcast,573.8,303.43,-122.76999999999973,877.23
2026-06-16T23:00:05Z,longshot_fade,438.49399999999946,555.81,-5.695999999999966,994.3039999999994
2026-06-17T02:00:07Z,calibration_overlay,927.7400000000001,24.269999999999996,-47.989999999999995,952.0100000000001
2026-06-17T02:00:07Z,climatology,378.5900000000002,599.23,-22.17999999999997,977.8200000000002
2026-06-17T02:00:07Z,ensemble_divergence,353.3099999999999,599.88,-46.81000000000006,953.1899999999998
2026-06-17T02:00:07Z,ensemble_divergence_lh,377.4299999999998,599.88,-22.689999999999998,977.3099999999997
2026-06-17T02:00:07Z,event_arbitrage,1000.0,0.0,0.0,1000.0
2026-06-17T02:00:07Z,intraday_nowcast,573.26,303.96999999999997,-122.76999999999973,877.23
2026-06-17T02:00:07Z,longshot_fade,428.49399999999946,565.81,-5.695999999999966,994.3039999999994
2026-06-17T17:00:07Z,calibration_overlay,925.5000000000001,26.509999999999998,-47.989999999999995,952.0100000000001
2026-06-17T17:00:07Z,climatology,386.1400000000002,599.92,-13.939999999999973,986.0600000000002
2026-06-17T17:00:07Z,ensemble_divergence,354.4699999999999,599.86,-45.67000000000006,954.3299999999999
2026-06-17T17:00:07Z,ensemble_divergence_lh,377.4299999999998,599.88,-22.689999999999998,977.3099999999997
2026-06-17T17:00:07Z,event_arbitrage,1000.0,0.0,0.0,1000.0
2026-06-17T17:00:07Z,intraday_nowcast,277.23999999999995,599.99,-122.76999999999973,877.23
2026-06-17T17:00:07Z,longshot_fade,395.06899999999945,599.235,-5.695999999999966,994.3039999999994
2026-06-17T18:30:05Z,calibration_overlay,925.5000000000001,2.24,-72.25999999999999,927.7400000000001
2026-06-17T18:30:05Z,climatology,536.1400000000002,345.59999999999997,-118.25999999999998,881.7400000000002
2026-06-17T18:30:05Z,ensemble_divergence,666.4699999999999,274.17,-59.36000000000005,940.6399999999999
2026-06-17T18:30:05Z,ensemble_divergence_lh,897.4299999999998,172.76999999999998,70.2,1070.1999999999998
2026-06-17T18:30:05Z,event_arbitrage,1000.0,0.0,0.0,1000.0
2026-06-17T18:30:05Z,intraday_nowcast,377.23999999999995,296.02,-326.7399999999997,673.26
2026-06-17T18:30:05Z,longshot_fade,745.0689999999995,228.905,-26.025999999999957,973.9739999999995
2026-06-17T20:00:06Z,calibration_overlay,925.5000000000001,2.24,-72.25999999999999,927.7400000000001
2026-06-17T20:00:06Z,climatology,298.98000000000013,599.6999999999999,-101.31999999999996,898.6800000000001
2026-06-17T20:00:06Z,ensemble_divergence,347.4099999999999,599.87,-52.72000000000005,947.28
2026-06-17T20:00:06Z,ensemble_divergence_lh,650.24,419.96,70.2,1070.2
2026-06-17T20:00:06Z,event_arbitrage,1000.0,0.0,0.0,1000.0
2026-06-17T20:00:06Z,intraday_nowcast,383.24999999999994,344.53,-272.21999999999974,727.78
2026-06-17T20:00:06Z,longshot_fade,485.8539999999991,488.12,-26.025999999999957,973.973999999999
2026-06-17T22:30:05Z,calibration_overlay,925.5000000000001,2.24,-72.25999999999999,927.7400000000001
2026-06-17T22:30:05Z,climatology,298.98000000000013,599.6999999999999,-101.31999999999996,898.6800000000001
2026-06-17T22:30:05Z,ensemble_divergence,347.4099999999999,599.87,-52.72000000000005,947.28
2026-06-17T22:30:05Z,ensemble_divergence_lh,650.24,419.96,70.2,1070.2
2026-06-17T22:30:05Z,event_arbitrage,1000.0,0.0,0.0,1000.0
2026-06-17T22:30:05Z,intraday_nowcast,383.24999999999994,344.53,-272.21999999999974,727.78
2026-06-17T22:30:05Z,longshot_fade,485.8539999999991,488.12,-26.025999999999957,973.973999999999
2026-06-17T23:00:05Z,calibration_overlay,925.5000000000001,2.24,-72.25999999999999,927.7400000000001
2026-06-17T23:00:05Z,climatology,322.88000000000017,598.81,-78.30999999999996,921.69
2026-06-17T23:00:05Z,ensemble_divergence,351.5999999999999,599.9,-48.50000000000005,951.4999999999999
2026-06-17T23:00:05Z,ensemble_divergence_lh,620.48,449.71999999999997,70.2,1070.2
2026-06-17T23:00:05Z,event_arbitrage,1000.0,0.0,0.0,1000.0
2026-06-17T23:00:05Z,intraday_nowcast,568.8299999999999,234.06,-197.10999999999976,802.8899999999999
2026-06-17T23:00:05Z,longshot_fade,416.31399999999906,557.66,-26.025999999999957,973.973999999999
2026-06-18T16:54:03Z,calibration_overlay,955.5000000000001,0.0,-44.49999999999999,955.5000000000001
2026-06-18T16:54:03Z,climatology,547.8800000000001,355.52,-96.59999999999995,903.4000000000001
2026-06-18T16:54:03Z,ensemble_divergence,784.5999999999999,244.0,28.599999999999948,1028.6
2026-06-18T16:54:03Z,ensemble_divergence_lh,908.48,276.95,185.43,1185.43
2026-06-18T16:54:03Z,event_arbitrage,1000.0,0.0,0.0,1000.0
2026-06-18T16:54:03Z,intraday_nowcast,818.8299999999999,0.0,-181.1699999999997,818.8299999999999
2026-06-18T16:54:03Z,longshot_fade,746.313999999999,204.2,-49.48599999999996,950.513999999999
2026-06-18T17:00:07Z,calibration_overlay,889.5100000000001,65.99000000000001,-44.49999999999999,955.5000000000001
2026-06-18T17:00:07Z,climatology,304.4300000000002,599.62,-95.94999999999996,904.0500000000002
2026-06-18T17:00:07Z,ensemble_divergence,503.92999999999984,524.67,28.599999999999948,1028.6
2026-06-18T17:00:07Z,ensemble_divergence_lh,726.99,458.44,185.43,1185.43
2026-06-18T17:00:07Z,event_arbitrage,1000.0,0.0,0.0,1000.0
2026-06-18T17:00:07Z,intraday_nowcast,406.0299999999999,412.8,-181.1699999999997,818.8299999999999
2026-06-18T17:00:07Z,longshot_fade,560.5139999999992,390.0,-49.48599999999996,950.5139999999992
2026-06-18T17:29:55Z,calibration_overlay,861.19,94.31,-44.49999999999999,955.5
2026-06-18T17:29:55Z,climatology,304.07000000000016,599.98,-95.94999999999996,904.0500000000002
2026-06-18T17:29:55Z,ensemble_divergence,466.16999999999985,562.43,28.599999999999948,1028.6
2026-06-18T17:29:55Z,ensemble_divergence_lh,726.99,458.44,185.43,1185.43
2026-06-18T17:29:55Z,event_arbitrage,1000.0,0.0,0.0,1000.0
2026-06-18T17:29:55Z,intraday_nowcast,411.0899999999999,424.01,-164.89999999999972,835.0999999999999
2026-06-18T17:29:55Z,longshot_fade,531.2439999999991,419.27,-49.48599999999996,950.5139999999991
2026-06-18T18:30:05Z,calibration_overlay,861.19,94.31,-44.49999999999999,955.5
2026-06-18T18:30:05Z,climatology,304.07000000000016,599.98,-95.94999999999996,904.0500000000002
2026-06-18T18:30:05Z,ensemble_divergence,466.16999999999985,562.43,28.599999999999948,1028.6
2026-06-18T18:30:05Z,ensemble_divergence_lh,726.99,458.44,185.43,1185.43
2026-06-18T18:30:05Z,event_arbitrage,1000.0,0.0,0.0,1000.0
2026-06-18T18:30:05Z,intraday_nowcast,411.0899999999999,424.01,-164.89999999999972,835.0999999999999
2026-06-18T18:30:05Z,longshot_fade,531.2439999999991,419.27,-49.48599999999996,950.5139999999991
2026-06-18T22:30:11Z,calibration_overlay,861.19,94.31,-44.49999999999999,955.5
2026-06-18T22:30:11Z,climatology,304.07000000000016,599.98,-95.94999999999996,904.0500000000002
2026-06-18T22:30:11Z,ensemble_divergence,466.16999999999985,562.43,28.599999999999948,1028.6
2026-06-18T22:30:11Z,ensemble_divergence_lh,726.99,458.44,185.43,1185.43
2026-06-18T22:30:11Z,event_arbitrage,1000.0,0.0,0.0,1000.0
2026-06-18T22:30:11Z,intraday_nowcast,411.0899999999999,424.01,-164.89999999999972,835.0999999999999
2026-06-18T22:30:11Z,longshot_fade,531.2439999999991,419.27,-49.48599999999996,950.5139999999991
2026-06-18T23:00:53Z,calibration_overlay,861.19,94.31,-44.49999999999999,955.5
2026-06-18T23:00:53Z,climatology,428.9600000000002,504.05,-66.98999999999995,933.0100000000002
2026-06-18T23:00:53Z,ensemble_divergence,458.1899999999998,585.3,43.48999999999995,1043.4899999999998
2026-06-18T23:00:53Z,ensemble_divergence_lh,679.4399999999999,505.99,185.43,1185.4299999999998
2026-06-18T23:00:53Z,event_arbitrage,1000.0,0.0,0.0,1000.0
2026-06-18T23:00:53Z,intraday_nowcast,536.5400000000001,341.66,-121.7999999999997,878.2
2026-06-18T23:00:53Z,longshot_fade,441.7039999999991,508.81,-49.48599999999996,950.5139999999991
2026-06-19T02:01:10Z,calibration_overlay,861.19,94.31,-44.49999999999999,955.5
2026-06-19T02:01:10Z,climatology,440.2600000000002,504.77,-54.96999999999994,945.0300000000002
2026-06-19T02:01:10Z,ensemble_divergence,497.7599999999998,558.66,56.41999999999995,1056.4199999999998
2026-06-19T02:01:10Z,ensemble_divergence_lh,679.4399999999999,505.99,185.43,1185.4299999999998
2026-06-19T02:01:10Z,event_arbitrage,1000.0,0.0,0.0,1000.0
2026-06-19T02:01:10Z,intraday_nowcast,536.5400000000001,341.66,-121.7999999999997,878.2
2026-06-19T02:01:10Z,longshot_fade,392.2639999999991,558.25,-49.48599999999996,950.5139999999991
2026-06-19T05:03:28Z,calibration_overlay,861.19,94.31,-44.49999999999999,955.5
2026-06-19T05:03:28Z,climatology,464.99000000000024,484.48,-50.529999999999944,949.4700000000003
2026-06-19T05:03:28Z,ensemble_divergence,461.6399999999998,594.78,56.41999999999995,1056.4199999999998
2026-06-19T05:03:28Z,ensemble_divergence_lh,643.3199999999999,542.11,185.43,1185.4299999999998
2026-06-19T05:03:28Z,event_arbitrage,1000.0,0.0,0.0,1000.0
2026-06-19T05:03:28Z,intraday_nowcast,536.5400000000001,341.66,-121.7999999999997,878.2
2026-06-19T05:03:28Z,longshot_fade,392.2639999999991,558.25,-49.48599999999996,950.5139999999991
2026-06-22T17:00:07Z,calibration_overlay,855.1600000000001,100.34,-44.49999999999999,955.5000000000001
2026-06-22T17:00:07Z,climatology,349.48000000000025,599.99,-50.529999999999944,949.4700000000003
2026-06-22T17:00:07Z,ensemble_divergence,456.5499999999998,599.87,56.41999999999995,1056.4199999999998
2026-06-22T17:00:07Z,ensemble_divergence_lh,585.47,599.96,185.43,1185.43
2026-06-22T17:00:07Z,event_arbitrage,1000.0,0.0,0.0,1000.0
2026-06-22T17:00:07Z,intraday_nowcast,278.21999999999997,599.98,-121.7999999999997,878.2
2026-06-22T17:00:07Z,longshot_fade,350.67399999999907,599.84,-49.48599999999996,950.5139999999991
2026-06-22T18:30:05Z,calibration_overlay,945.1600000000001,6.03,-48.80999999999999,951.19
2026-06-22T18:30:05Z,climatology,736.4800000000002,115.51,-148.00999999999988,851.9900000000002
2026-06-22T18:30:05Z,ensemble_divergence,976.5499999999997,5.090000000000001,-18.360000000000017,981.6399999999998
2026-06-22T18:30:05Z,ensemble_divergence_lh,1105.47,57.85,163.32,1163.32
2026-06-22T18:30:05Z,event_arbitrage,1000.0,0.0,0.0,1000.0
2026-06-22T18:30:05Z,intraday_nowcast,478.21999999999997,258.32,-263.45999999999964,736.54
2026-06-22T18:30:05Z,longshot_fade,920.6739999999991,41.59,-37.73599999999995,962.2639999999991
2026-06-22T20:00:04Z,calibration_overlay,893.62,57.57,-48.80999999999999,951.19
2026-06-22T20:00:04Z,climatology,491.60999999999996,360.38,-148.00999999999988,851.99
2026-06-22T20:00:04Z,ensemble_divergence,567.3099999999997,414.33,-18.360000000000017,981.6399999999996
2026-06-22T20:00:04Z,ensemble_divergence_lh,920.8300000000002,242.49,163.32,1163.3200000000002
2026-06-22T20:00:04Z,event_arbitrage,1000.0,0.0,0.0,1000.0
2026-06-22T20:00:04Z,intraday_nowcast,358.59,374.7,-266.7099999999996,733.29
2026-06-22T20:00:04Z,longshot_fade,467.22399999999925,495.03999999999996,-37.73599999999995,962.2639999999992
2026-06-22T22:30:04Z,calibration_overlay,893.62,57.57,-48.80999999999999,951.19
2026-06-22T22:30:04Z,climatology,491.60999999999996,360.38,-148.00999999999988,851.99
2026-06-22T22:30:04Z,ensemble_divergence,567.3099999999997,414.33,-18.360000000000017,981.6399999999996
2026-06-22T22:30:04Z,ensemble_divergence_lh,920.8300000000002,242.49,163.32,1163.3200000000002
2026-06-22T22:30:04Z,event_arbitrage,1000.0,0.0,0.0,1000.0
2026-06-22T22:30:04Z,intraday_nowcast,358.59,374.7,-266.7099999999996,733.29
2026-06-22T22:30:04Z,longshot_fade,467.22399999999925,495.03999999999996,-37.73599999999995,962.2639999999992
2026-06-22T22:30:04Z,market_making,1523.4918165799122,0.0,870.3363472844568,1523.4918165799122
2026-06-22T23:02:06Z,calibration_overlay,893.62,57.57,-48.80999999999999,951.19
2026-06-22T23:02:06Z,climatology,545.7499999999999,352.49,-101.75999999999986,898.2399999999999
2026-06-22T23:02:06Z,ensemble_divergence,605.4199999999997,430.05,35.469999999999985,1035.4699999999998
2026-06-22T23:02:06Z,ensemble_divergence_lh,894.5800000000002,268.74,163.32,1163.3200000000002
2026-06-22T23:02:06Z,event_arbitrage,1000.0,0.0,0.0,1000.0
2026-06-22T23:02:06Z,intraday_nowcast,471.04999999999984,329.86,-199.08999999999955,800.9099999999999
2026-06-22T23:02:06Z,longshot_fade,390.1039999999992,572.16,-37.73599999999995,962.2639999999992
2026-06-22T23:02:06Z,market_making,1523.4918165799122,0.0,870.3363472844568,1523.4918165799122
2026-06-23T02:00:37Z,calibration_overlay,893.62,57.57,-48.80999999999999,951.19
2026-06-23T02:00:37Z,climatology,570.4799999999999,345.39,-84.12999999999985,915.8699999999999
2026-06-23T02:00:37Z,ensemble_divergence,572.6299999999997,462.84,35.469999999999985,1035.4699999999996
2026-06-23T02:00:37Z,ensemble_divergence_lh,861.7900000000001,301.53000000000003,163.32,1163.3200000000002
2026-06-23T02:00:37Z,event_arbitrage,1000.0,0.0,0.0,1000.0
2026-06-23T02:00:37Z,intraday_nowcast,568.89,291.4,-139.70999999999955,860.29
2026-06-23T02:00:37Z,longshot_fade,362.9839999999992,599.28,-37.73599999999995,962.2639999999992
2026-06-23T02:00:37Z,market_making,1359.9552794799126,163.5365371,870.3363472844568,1523.4918165799127
2026-06-23T14:03:15Z,calibration_overlay,893.62,57.57,-48.80999999999999,951.19
2026-06-23T14:03:15Z,climatology,570.4799999999999,345.39,-84.12999999999985,915.8699999999999
2026-06-23T14:03:15Z,ensemble_divergence,550.3299999999997,485.14,35.469999999999985,1035.4699999999998
2026-06-23T14:03:15Z,ensemble_divergence_lh,861.7900000000001,301.53000000000003,163.32,1163.3200000000002
2026-06-23T14:03:15Z,event_arbitrage,1000.0,0.0,0.0,1000.0
2026-06-23T14:03:15Z,intraday_nowcast,417.9899999999999,442.3,-139.70999999999955,860.29
2026-06-23T14:03:15Z,longshot_fade,362.9839999999992,599.28,-37.73599999999995,962.2639999999992
2026-06-23T14:03:15Z,market_making,1121.5027927199123,401.98902386000003,870.3363472844568,1523.4918165799124
2026-06-23T17:00:06Z,calibration_overlay,893.62,57.57,-48.80999999999999,951.19
2026-06-23T17:00:06Z,climatology,352.2499999999999,563.9,-83.84999999999985,916.1499999999999
2026-06-23T17:00:06Z,ensemble_divergence,435.5699999999996,599.9,35.469999999999985,1035.4699999999996
2026-06-23T17:00:06Z,ensemble_divergence_lh,711.24,452.08,163.32,1163.32
2026-06-23T17:00:06Z,event_arbitrage,1000.0,0.0,0.0,1000.0
2026-06-23T17:00:06Z,intraday_nowcast,313.96999999999986,552.2,-133.82999999999956,866.1699999999998
2026-06-23T17:00:06Z,longshot_fade,362.9839999999992,599.28,-37.73599999999995,962.2639999999992
2026-06-23T17:00:06Z,market_making,874.2677372599114,649.22407932,870.3363472844568,1523.4918165799113
2026-06-23T18:30:04Z,calibration_overlay,953.62,0.0,-46.379999999999995,953.62
2026-06-23T18:30:04Z,climatology,418.2499999999999,483.65,-98.09999999999987,901.8999999999999
2026-06-23T18:30:04Z,ensemble_divergence,635.5699999999996,437.87,73.44,1073.4399999999996
2026-06-23T18:30:04Z,ensemble_divergence_lh,711.24,452.08,163.32,1163.32
2026-06-23T18:30:04Z,event_arbitrage,1000.0,0.0,0.0,1000.0
2026-06-23T18:30:04Z,intraday_nowcast,613.9699999999998,260.8,-125.22999999999952,874.7699999999998
2026-06-23T18:30:04Z,longshot_fade,710.9839999999992,253.16,-35.85599999999995,964.1439999999992
2026-06-23T18:30:04Z,market_making,1002.1877372599114,558.84631532,907.8785832844569,1561.0340525799115
2026-06-23T20:00:05Z,calibration_overlay,910.6500000000001,42.97,-46.379999999999995,953.6200000000001
2026-06-23T20:00:05Z,climatology,430.7799999999999,485.63,-83.58999999999988,916.4099999999999
2026-06-23T20:00:05Z,ensemble_divergence,491.77999999999963,598.49,90.27,1090.2699999999995
2026-06-23T20:00:05Z,ensemble_divergence_lh,606.03,557.29,163.32,1163.32
2026-06-23T20:00:05Z,event_arbitrage,1000.0,0.0,0.0,1000.0
2026-06-23T20:00:05Z,intraday_nowcast,599.6499999999996,297.27,-103.07999999999953,896.9199999999996
2026-06-23T20:00:05Z,longshot_fade,456.12399999999934,508.02,-35.85599999999995,964.1439999999993
2026-06-23T20:00:05Z,market_making,744.7934303599116,816.24062222,907.8785832844569,1561.0340525799115
2026-06-24T17:49:18Z,calibration_overlay,893.33,60.29,-46.379999999999995,953.62
2026-06-24T17:49:18Z,climatology,306.92,599.96,-93.11999999999988,906.8800000000001
2026-06-24T17:49:18Z,ensemble_divergence,490.2999999999996,599.97,90.27,1090.2699999999995
2026-06-24T17:49:18Z,ensemble_divergence_lh,563.3799999999999,599.9399999999999,163.32,1163.3199999999997
2026-06-24T17:49:18Z,event_arbitrage,1000.0,0.0,0.0,1000.0
2026-06-24T17:49:18Z,intraday_nowcast,373.70999999999964,523.21,-103.07999999999953,896.9199999999996
2026-06-24T17:49:18Z,longshot_fade,364.7839999999992,599.36,-35.85599999999995,964.1439999999992
2026-06-24T17:49:18Z,market_making,661.0692243599116,899.96482822,907.8785832844569,1561.0340525799115
2026-06-24T17:50:06Z,calibration_overlay,923.33,17.32,-59.349999999999994,940.6500000000001
2026-06-24T17:50:06Z,climatology,456.92,409.44,-133.6399999999999,866.36
2026-06-24T17:50:06Z,ensemble_divergence,890.2999999999996,237.01999999999998,127.32000000000001,1127.3199999999997
2026-06-24T17:50:06Z,ensemble_divergence_lh,963.3799999999999,298.40999999999997,261.78999999999996,1261.79
2026-06-24T17:50:06Z,event_arbitrage,1000.0,0.0,0.0,1000.0
2026-06-24T17:50:06Z,intraday_nowcast,723.7099999999996,225.94,-50.349999999999525,949.6499999999996
2026-06-24T17:50:06Z,longshot_fade,674.7839999999992,296.84999999999997,-28.365999999999936,971.6339999999991
2026-06-24T17:50:06Z,market_making,1475.5680243599113,229.11828649999998,1051.530841564457,1704.6863108599114
2026-06-24T18:30:04Z,calibration_overlay,923.33,17.32,-59.349999999999994,940.6500000000001
2026-06-24T18:30:04Z,climatology,456.92,409.44,-133.6399999999999,866.36
2026-06-24T18:30:04Z,ensemble_divergence,890.2999999999996,237.01999999999998,127.32000000000001,1127.3199999999997
2026-06-24T18:30:04Z,ensemble_divergence_lh,963.3799999999999,298.40999999999997,261.78999999999996,1261.79
2026-06-24T18:30:04Z,event_arbitrage,1000.0,0.0,0.0,1000.0
2026-06-24T18:30:04Z,intraday_nowcast,723.7099999999996,225.94,-50.349999999999525,949.6499999999996
2026-06-24T18:30:04Z,longshot_fade,674.7839999999992,296.84999999999997,-28.365999999999936,971.6339999999991
2026-06-24T18:30:04Z,market_making,1000.0,229.11828649999998,0.0,1229.1182865
2026-06-24T20:00:04Z,calibration_overlay,899.85,40.8,-59.349999999999994,940.65
2026-06-24T20:00:04Z,climatology,377.11999999999995,500.53999999999996,-122.33999999999988,877.6599999999999
2026-06-24T20:00:04Z,ensemble_divergence,702.8399999999996,424.48,127.32000000000001,1127.3199999999997
2026-06-24T20:00:04Z,ensemble_divergence_lh,841.7599999999998,420.03,261.78999999999996,1261.7899999999997
2026-06-24T20:00:04Z,event_arbitrage,1000.0,0.0,0.0,1000.0
2026-06-24T20:00:04Z,intraday_nowcast,649.8299999999996,299.82,-50.349999999999525,949.6499999999996
2026-06-24T20:00:04Z,longshot_fade,445.7639999999993,525.87,-28.365999999999936,971.6339999999993
2026-06-24T20:00:04Z,market_making,636.7128556000004,592.4054308999999,0.0,1229.1182865000003
2026-06-24T22:30:06Z,calibration_overlay,899.85,40.8,-59.349999999999994,940.65
2026-06-24T22:30:06Z,climatology,377.11999999999995,500.53999999999996,-122.33999999999988,877.6599999999999
2026-06-24T22:30:06Z,ensemble_divergence,702.8399999999996,424.48,127.32000000000001,1127.3199999999997
2026-06-24T22:30:06Z,ensemble_divergence_lh,841.7599999999998,420.03,261.78999999999996,1261.7899999999997
2026-06-24T22:30:06Z,event_arbitrage,1000.0,0.0,0.0,1000.0
2026-06-24T22:30:06Z,intraday_nowcast,649.8299999999996,299.82,-50.349999999999525,949.6499999999996
2026-06-24T22:30:06Z,longshot_fade,445.7639999999993,525.87,-28.365999999999936,971.6339999999993
2026-06-24T22:30:06Z,market_making,636.7128556000004,592.4054308999999,0.0,1229.1182865000003
2026-06-24T23:00:05Z,calibration_overlay,899.52,41.13,-59.349999999999994,940.65
2026-06-24T23:00:05Z,climatology,450.24,459.71999999999997,-90.03999999999986,909.96
2026-06-24T23:00:05Z,ensemble_divergence,684.2199999999998,477.13,161.35000000000002,1161.35
2026-06-24T23:00:05Z,ensemble_divergence_lh,745.7099999999999,516.08,261.78999999999996,1261.79
2026-06-24T23:00:05Z,event_arbitrage,1000.0,0.0,0.0,1000.0
2026-06-24T23:00:05Z,intraday_nowcast,791.7899999999998,234.17999999999998,25.970000000000468,1025.9699999999998
2026-06-24T23:00:05Z,longshot_fade,376.4039999999993,595.23,-28.365999999999936,971.6339999999993
2026-06-24T23:00:05Z,market_making,329.1199822500005,899.9983042499999,0.0,1229.1182865000005
2026-06-25T02:00:05Z,calibration_overlay,899.52,41.13,-59.349999999999994,940.65
2026-06-25T02:00:05Z,climatology,476.28000000000003,449.84,-73.87999999999985,926.12
2026-06-25T02:00:05Z,ensemble_divergence,663.1199999999998,498.23,161.35000000000002,1161.35
2026-06-25T02:00:05Z,ensemble_divergence_lh,724.6099999999999,537.18,261.78999999999996,1261.79
2026-06-25T02:00:05Z,event_arbitrage,1000.0,0.0,0.0,1000.0
2026-06-25T02:00:05Z,intraday_nowcast,890.17,188.0,78.17000000000047,1078.17
2026-06-25T02:00:05Z,longshot_fade,372.39799999999934,599.236,-28.365999999999936,971.6339999999993
2026-06-25T02:00:05Z,market_making,329.1199822500005,899.9983042499999,0.0,1229.1182865000005
2026-06-25T17:00:05Z,calibration_overlay,887.3199999999999,53.33,-59.349999999999994,940.65
2026-06-25T17:00:05Z,climatology,325.6699999999999,599.38,-74.94999999999985,925.05
2026-06-25T17:00:05Z,ensemble_divergence,576.6799999999997,599.9399999999999,176.62000000000003,1176.6199999999997
2026-06-25T17:00:05Z,ensemble_divergence_lh,661.8699999999999,599.92,261.78999999999996,1261.79
2026-06-25T17:00:05Z,event_arbitrage,1000.0,0.0,0.0,1000.0
2026-06-25T17:00:05Z,intraday_nowcast,624.3499999999998,453.82,78.17000000000047,1078.1699999999998
2026-06-25T17:00:05Z,longshot_fade,372.39799999999934,599.236,-28.365999999999936,971.6339999999993
2026-06-25T17:00:05Z,market_making,329.1199822500005,899.9983042499999,0.0,1229.1182865000005
2026-06-25T18:30:15Z,calibration_overlay,917.3199999999999,12.200000000000001,-70.47999999999999,929.52
2026-06-25T18:30:15Z,climatology,450.6699999999999,448.94,-100.38999999999987,899.6099999999999
2026-06-25T18:30:15Z,ensemble_divergence,786.6799999999997,359.71999999999997,146.40000000000003,1146.3999999999996
2026-06-25T18:30:15Z,ensemble_divergence_lh,941.8699999999999,344.16,286.03,1286.03
2026-06-25T18:30:15Z,event_arbitrage,1000.0,0.0,0.0,1000.0
2026-06-25T18:30:15Z,intraday_nowcast,774.3499999999998,265.82,40.17000000000046,1040.1699999999998
2026-06-25T18:30:15Z,longshot_fade,716.3979999999993,251.0,-32.601999999999904,967.3979999999993
2026-06-25T18:30:15Z,market_making,1261.8929822500004,152.78087975,185.5555755,1414.6738620000003
2026-06-25T20:00:06Z,calibration_overlay,911.6099999999999,17.91,-70.47999999999999,929.5199999999999
2026-06-25T20:00:06Z,climatology,412.8299999999998,505.93,-81.23999999999988,918.7599999999998
2026-06-25T20:00:06Z,ensemble_divergence,686.7299999999999,486.34999999999997,173.08000000000004,1173.08
2026-06-25T20:00:06Z,ensemble_divergence_lh,803.75,482.28000000000003,286.03,1286.03
2026-06-25T20:00:06Z,event_arbitrage,1000.0,0.0,0.0,1000.0
2026-06-25T20:00:06Z,intraday_nowcast,818.8299999999999,257.24,76.07000000000045,1076.07
2026-06-25T20:00:06Z,longshot_fade,442.26799999999895,525.13,-32.601999999999904,967.397999999999
2026-06-25T20:00:06Z,market_making,1067.1241525500002,347.54970945,185.5555755,1414.673862
2026-06-26T02:20:54Z,calibration_overlay,911.6099999999999,17.91,-70.47999999999999,929.5199999999999
2026-06-26T02:20:54Z,climatology,561.2099999999999,413.75,-25.03999999999988,974.9599999999999
2026-06-26T02:20:54Z,ensemble_divergence,719.4900000000001,522.43,241.92000000000004,1241.92
2026-06-26T02:20:54Z,ensemble_divergence_lh,716.94,569.09,286.03,1286.0300000000002
2026-06-26T02:20:54Z,event_arbitrage,1000.0,0.0,0.0,1000.0
2026-06-26T02:20:54Z,intraday_nowcast,916.6700000000001,245.57,162.24000000000046,1162.24
2026-06-26T02:20:54Z,longshot_fade,412.26799999999895,555.13,-32.601999999999904,967.397999999999
2026-06-26T02:20:54Z,market_making,610.0915566500003,804.58230535,185.5555755,1414.673862
2026-06-26T18:30:05Z,calibration_overlay,941.6099999999999,0.0,-58.389999999999986,941.6099999999999
2026-06-26T18:30:05Z,climatology,611.2099999999999,274.5,-114.28999999999985,885.7099999999999
2026-06-26T18:30:05Z,ensemble_divergence,919.4900000000001,289.49,208.98000000000005,1208.98
2026-06-26T18:30:05Z,ensemble_divergence_lh,1036.94,287.67,324.60999999999996,1324.6100000000001
2026-06-26T18:30:05Z,event_arbitrage,1000.0,0.0,0.0,1000.0
2026-06-26T18:30:05Z,intraday_nowcast,1166.67,0.0,166.67000000000047,1166.67
2026-06-26T18:30:05Z,longshot_fade,762.2679999999989,214.31,-23.421999999999887,976.5779999999988
2026-06-26T18:30:05Z,market_making,1355.8800566500004,328.8947576,455.65652774999995,1684.7748142500004
2026-06-26T20:00:08Z,calibration_overlay,882.6899999999998,58.92,-58.389999999999986,941.6099999999998
2026-06-26T20:00:08Z,climatology,318.04,594.72,-87.23999999999985,912.76
2026-06-26T20:00:08Z,ensemble_divergence,725.2400000000002,522.1,247.34000000000006,1247.3400000000001
2026-06-26T20:00:08Z,ensemble_divergence_lh,855.3900000000001,469.22,324.60999999999996,1324.6100000000001
2026-06-26T20:00:08Z,event_arbitrage,1000.0,0.0,0.0,1000.0
2026-06-26T20:00:08Z,intraday_nowcast,864.0800000000002,302.59,166.67000000000047,1166.67
2026-06-26T20:00:08Z,longshot_fade,478.3579999999989,498.21999999999997,-23.421999999999887,976.5779999999988
2026-06-26T20:00:08Z,market_making,1098.2425716500009,586.5322426,455.65652774999995,1684.7748142500009
2026-06-26T22:30:18Z,calibration_overlay,882.6899999999998,58.92,-58.389999999999986,941.6099999999998
2026-06-26T22:30:18Z,climatology,318.04,594.72,-87.23999999999985,912.76
2026-06-26T22:30:18Z,ensemble_divergence,725.2400000000002,522.1,247.34000000000006,1247.3400000000001
2026-06-26T22:30:18Z,ensemble_divergence_lh,855.3900000000001,469.22,324.60999999999996,1324.6100000000001
2026-06-26T22:30:18Z,event_arbitrage,1000.0,0.0,0.0,1000.0
2026-06-26T22:30:18Z,intraday_nowcast,864.0800000000002,302.59,166.67000000000047,1166.67
2026-06-26T22:30:18Z,longshot_fade,478.3579999999989,498.21999999999997,-23.421999999999887,976.5779999999988
2026-06-26T22:30:18Z,market_making,1098.2425716500009,586.5322426,455.65652774999995,1684.7748142500009
2026-06-26T23:00:23Z,calibration_overlay,882.6899999999998,58.92,-58.389999999999986,941.6099999999998
2026-06-26T23:00:23Z,climatology,367.50000000000006,560.93,-71.56999999999985,928.4300000000001
2026-06-26T23:00:23Z,ensemble_divergence,752.6500000000003,534.02,286.67,1286.6700000000003
2026-06-26T23:00:23Z,ensemble_divergence_lh,804.0900000000001,520.52,324.60999999999996,1324.6100000000001
2026-06-26T23:00:23Z,event_arbitrage,1000.0,0.0,0.0,1000.0
2026-06-26T23:00:23Z,intraday_nowcast,960.8600000000001,254.98999999999998,215.85000000000048,1215.8500000000001
2026-06-26T23:00:23Z,longshot_fade,408.8179999999989,567.76,-23.421999999999887,976.5779999999988
2026-06-26T23:00:23Z,market_making,785.420511150001,899.3543030999999,455.65652774999995,1684.7748142500009
2026-06-27T02:00:06Z,calibration_overlay,882.6899999999998,58.92,-58.389999999999986,941.6099999999998
2026-06-27T02:00:06Z,climatology,340.57000000000005,587.86,-71.56999999999985,928.4300000000001
2026-06-27T02:00:06Z,ensemble_divergence,739.9300000000003,546.74,286.67,1286.6700000000003
2026-06-27T02:00:06Z,ensemble_divergence_lh,791.3700000000001,533.24,324.60999999999996,1324.6100000000001
2026-06-27T02:00:06Z,event_arbitrage,1000.0,0.0,0.0,1000.0
2026-06-27T02:00:06Z,intraday_nowcast,960.8600000000001,254.98999999999998,215.85000000000048,1215.8500000000001
2026-06-27T02:00:06Z,longshot_fade,399.6579999999989,576.92,-23.421999999999887,976.5779999999988
2026-06-27T02:00:06Z,market_making,784.774911150001,899.9999031,455.65652774999995,1684.7748142500009
2026-06-27T05:00:06Z,calibration_overlay,882.6899999999998,58.92,-58.389999999999986,941.6099999999998
2026-06-27T05:00:06Z,climatology,329.34000000000003,599.09,-71.56999999999985,928.4300000000001
2026-06-27T05:00:06Z,ensemble_divergence,720.0300000000003,566.64,286.67,1286.6700000000003
2026-06-27T05:00:06Z,ensemble_divergence_lh,771.4700000000001,553.14,324.60999999999996,1324.6100000000001
2026-06-27T05:00:06Z,event_arbitrage,1000.0,0.0,0.0,1000.0
2026-06-27T05:00:06Z,intraday_nowcast,960.8600000000001,254.98999999999998,215.85000000000048,1215.8500000000001
2026-06-27T05:00:06Z,longshot_fade,377.2479999999989,599.33,-23.421999999999887,976.577999999999
2026-06-27T05:00:06Z,market_making,784.774911150001,899.9999031,455.65652774999995,1684.7748142500009
2026-06-27T08:00:10Z,calibration_overlay,882.6899999999998,58.92,-58.389999999999986,941.6099999999998
2026-06-27T08:00:10Z,climatology,354.07000000000005,580.73,-65.19999999999985,934.8000000000001
2026-06-27T08:00:10Z,ensemble_divergence,694.5700000000003,592.1,286.67,1286.6700000000003
2026-06-27T08:00:10Z,ensemble_divergence_lh,771.4700000000001,553.14,324.60999999999996,1324.6100000000001
2026-06-27T08:00:10Z,event_arbitrage,1000.0,0.0,0.0,1000.0
2026-06-27T08:00:10Z,intraday_nowcast,960.8600000000001,254.98999999999998,215.85000000000048,1215.8500000000001
2026-06-27T08:00:10Z,longshot_fade,377.2479999999989,599.33,-23.421999999999887,976.577999999999
2026-06-27T08:00:10Z,market_making,784.774911150001,899.9999031,455.65652774999995,1684.7748142500009
2026-06-27T11:00:04Z,calibration_overlay,882.6899999999998,58.92,-58.389999999999986,941.6099999999998
2026-06-27T11:00:04Z,climatology,354.07000000000005,580.73,-65.19999999999985,934.8000000000001
2026-06-27T11:00:04Z,ensemble_divergence,688.6300000000002,598.04,286.67,1286.67
2026-06-27T11:00:04Z,ensemble_divergence_lh,771.4700000000001,553.14,324.60999999999996,1324.6100000000001
2026-06-27T11:00:04Z,event_arbitrage,1000.0,0.0,0.0,1000.0
2026-06-27T11:00:04Z,intraday_nowcast,960.8600000000001,254.98999999999998,215.85000000000048,1215.8500000000001
2026-06-27T11:00:04Z,longshot_fade,377.2479999999989,599.33,-23.421999999999887,976.577999999999
2026-06-27T11:00:04Z,market_making,784.774911150001,899.9999031,455.65652774999995,1684.7748142500009
2026-06-27T14:00:05Z,calibration_overlay,882.6899999999998,58.92,-58.389999999999986,941.6099999999998
2026-06-27T14:00:05Z,climatology,347.1700000000001,587.63,-65.19999999999985,934.8000000000001
2026-06-27T14:00:05Z,ensemble_divergence,686.7400000000002,599.9300000000001,286.67,1286.6700000000003
2026-06-27T14:00:05Z,ensemble_divergence_lh,771.4700000000001,553.14,324.60999999999996,1324.6100000000001
2026-06-27T14:00:05Z,event_arbitrage,1000.0,0.0,0.0,1000.0
2026-06-27T14:00:05Z,intraday_nowcast,800.76,415.09,215.85000000000048,1215.85
2026-06-27T14:00:05Z,longshot_fade,377.2479999999989,599.33,-23.421999999999887,976.577999999999
2026-06-27T14:00:05Z,market_making,784.774911150001,899.9999031,455.65652774999995,1684.7748142500009
2026-06-27T17:00:06Z,calibration_overlay,827.8299999999998,113.78,-58.389999999999986,941.6099999999998
2026-06-27T17:00:06Z,climatology,338.6,599.96,-61.43999999999985,938.5600000000001
2026-06-27T17:00:06Z,ensemble_divergence,681.2900000000003,599.79,281.08000000000004,1281.0800000000004
2026-06-27T17:00:06Z,ensemble_divergence_lh,724.8500000000001,599.76,324.60999999999996,1324.6100000000001
2026-06-27T17:00:06Z,event_arbitrage,1000.0,0.0,0.0,1000.0
2026-06-27T17:00:06Z,intraday_nowcast,615.3600000000002,599.99,215.35000000000048,1215.3500000000004
2026-06-27T17:00:06Z,longshot_fade,377.2479999999989,599.33,-23.421999999999887,976.577999999999
2026-06-27T17:00:06Z,market_making,784.774911150001,899.9999031,455.65652774999995,1684.7748142500009
2026-06-27T18:30:05Z,calibration_overlay,857.8299999999998,54.86,-87.30999999999999,912.6899999999998
2026-06-27T18:30:05Z,climatology,463.6,373.29,-163.10999999999981,836.8900000000001
2026-06-27T18:30:05Z,ensemble_divergence,801.2900000000003,298.62,99.91000000000001,1099.9100000000003
2026-06-27T18:30:05Z,ensemble_divergence_lh,1004.8500000000001,312.09000000000003,316.9399999999998,1316.94
2026-06-27T18:30:05Z,event_arbitrage,1000.0,0.0,0.0,1000.0
2026-06-27T18:30:05Z,intraday_nowcast,715.3600000000002,345.0,60.36000000000055,1060.3600000000001
2026-06-27T18:30:05Z,longshot_fade,727.2479999999989,235.94,-36.811999999999884,963.187999999999
2026-06-27T18:30:05Z,market_making,1814.3028111500014,93.5472025,678.7317271500001,1907.8500136500013
2026-06-29T17:00:07Z,calibration_overlay,819.9299999999998,92.76,-87.30999999999999,912.6899999999998
2026-06-29T17:00:07Z,climatology,237.03000000000003,599.86,-163.10999999999981,836.8900000000001
2026-06-29T17:00:07Z,ensemble_divergence,499.92000000000013,599.99,99.91000000000001,1099.91
2026-06-29T17:00:07Z,ensemble_divergence_lh,736.88,580.0600000000001,316.9399999999998,1316.94
2026-06-29T17:00:07Z,event_arbitrage,1000.0,0.0,0.0,1000.0
2026-06-29T17:00:07Z,intraday_nowcast,460.37000000000006,599.99,60.36000000000055,1060.3600000000001
2026-06-29T17:00:07Z,longshot_fade,363.38799999999867,599.8,-36.811999999999884,963.1879999999986
2026-06-29T17:00:07Z,market_making,1814.3028111500014,93.5472025,678.7317271500001,1907.8500136500013
2026-06-29T18:30:05Z,calibration_overlay,879.9299999999998,37.9,-82.16999999999999,917.8299999999998
2026-06-29T18:30:05Z,climatology,572.03,226.57,-201.39999999999978,798.5999999999999
2026-06-29T18:30:05Z,ensemble_divergence,767.9200000000001,301.37,69.29,1069.29
2026-06-29T18:30:05Z,ensemble_divergence_lh,1016.88,267.97,284.84999999999985,1284.85
2026-06-29T18:30:05Z,event_arbitrage,1000.0,0.0,0.0,1000.0
2026-06-29T18:30:05Z,intraday_nowcast,845.3700000000001,254.99,100.36000000000053,1100.3600000000001
2026-06-29T18:30:05Z,longshot_fade,607.3879999999987,363.86,-28.751999999999857,971.2479999999987
2026-06-29T18:30:05Z,market_making,1892.3653111500012,0.0,663.2470246500004,1892.3653111500012
2026-06-29T20:00:05Z,calibration_overlay,841.9299999999998,75.89999999999999,-82.16999999999999,917.8299999999998
2026-06-29T20:00:05Z,climatology,414.40000000000003,383.63,-201.96999999999977,798.03
2026-06-29T20:00:05Z,ensemble_divergence,589.8300000000003,478.55,68.38000000000001,1068.3800000000003
2026-06-29T20:00:05Z,ensemble_divergence_lh,1011.36,273.49,284.84999999999985,1284.85
2026-06-29T20:00:05Z,event_arbitrage,1000.0,0.0,0.0,1000.0
2026-06-29T20:00:05Z,intraday_nowcast,737.2100000000002,361.71999999999997,98.93000000000053,1098.93
2026-06-29T20:00:05Z,longshot_fade,450.06799999999873,521.18,-28.751999999999857,971.2479999999987
2026-06-29T20:00:05Z,market_making,1638.3863731000022,253.97893805,663.2470246500004,1892.365311150002
2026-06-29T22:30:06Z,calibration_overlay,841.9299999999998,75.89999999999999,-82.16999999999999,917.8299999999998
2026-06-29T22:30:06Z,climatology,414.40000000000003,383.63,-201.96999999999977,798.03
2026-06-29T22:30:06Z,ensemble_divergence,589.8300000000003,478.55,68.38000000000001,1068.3800000000003
2026-06-29T22:30:06Z,ensemble_divergence_lh,1011.36,273.49,284.84999999999985,1284.85
2026-06-29T22:30:06Z,event_arbitrage,1000.0,0.0,0.0,1000.0
2026-06-29T22:30:06Z,intraday_nowcast,737.2100000000002,361.71999999999997,98.93000000000053,1098.93
2026-06-29T22:30:06Z,longshot_fade,450.06799999999873,521.18,-28.751999999999857,971.2479999999987
2026-06-29T22:30:06Z,market_making,1638.3863731000022,253.97893805,663.2470246500004,1892.365311150002
2026-06-29T23:00:05Z,calibration_overlay,841.9299999999998,75.89999999999999,-82.16999999999999,917.8299999999998
2026-06-29T23:00:05Z,climatology,481.94000000000005,348.93,-169.12999999999977,830.8700000000001
2026-06-29T23:00:05Z,ensemble_divergence,620.4800000000004,495.05,115.53,1115.5300000000004
2026-06-29T23:00:05Z,ensemble_divergence_lh,966.2700000000001,326.15000000000003,292.41999999999985,1292.42
2026-06-29T23:00:05Z,event_arbitrage,1000.0,0.0,0.0,1000.0
2026-06-29T23:00:05Z,intraday_nowcast,865.3400000000004,311.48,176.82000000000056,1176.8200000000004
2026-06-29T23:00:05Z,longshot_fade,371.6479999999987,599.6,-28.751999999999857,971.2479999999987
2026-06-29T23:00:05Z,market_making,1314.2814235800033,578.08388757,663.2470246500004,1892.3653111500034
2026-06-30T02:00:05Z,calibration_overlay,841.9299999999998,75.89999999999999,-82.16999999999999,917.8299999999998
2026-06-30T02:00:05Z,climatology,466.11000000000007,376.8,-157.08999999999978,842.9100000000001
2026-06-30T02:00:05Z,ensemble_divergence,544.0300000000004,571.5,115.53,1115.5300000000004
2026-06-30T02:00:05Z,ensemble_divergence_lh,911.3200000000002,381.1,292.41999999999985,1292.42
2026-06-30T02:00:05Z,event_arbitrage,1000.0,0.0,0.0,1000.0
2026-06-30T02:00:05Z,intraday_nowcast,865.3400000000004,311.48,176.82000000000056,1176.8200000000004
2026-06-30T02:00:05Z,longshot_fade,371.6479999999987,599.6,-28.751999999999857,971.2479999999987
2026-06-30T02:00:05Z,market_making,1053.8373604300039,838.52795072,663.2470246500004,1892.365311150004
2026-06-30T14:00:19Z,calibration_overlay,841.9299999999998,75.89999999999999,-82.16999999999999,917.8299999999998
2026-06-30T14:00:19Z,climatology,447.75000000000006,395.15999999999997,-157.08999999999978,842.9100000000001
2026-06-30T14:00:19Z,ensemble_divergence,582.7000000000005,553.91,136.61,1136.6100000000006
2026-06-30T14:00:19Z,ensemble_divergence_lh,911.3200000000002,381.1,292.41999999999985,1292.42
2026-06-30T14:00:19Z,event_arbitrage,1000.0,0.0,0.0,1000.0
2026-06-30T14:00:19Z,intraday_nowcast,626.7000000000004,550.12,176.82000000000056,1176.8200000000004
2026-06-30T14:00:19Z,longshot_fade,371.6479999999987,599.6,-28.751999999999857,971.2479999999987
2026-06-30T14:00:19Z,market_making,992.3818211900041,899.98348996,663.2470246500004,1892.3653111500041
2026-06-30T17:00:05Z,calibration_overlay,819.0299999999999,98.8,-82.16999999999999,917.8299999999998
2026-06-30T17:00:05Z,climatology,242.58000000000004,599.85,-157.56999999999977,842.4300000000001
2026-06-30T17:00:05Z,ensemble_divergence,538.0400000000003,599.97,138.01000000000002,1138.0100000000002
2026-06-30T17:00:05Z,ensemble_divergence_lh,708.9300000000002,583.49,292.41999999999985,1292.42
2026-06-30T17:00:05Z,event_arbitrage,1000.0,0.0,0.0,1000.0
2026-06-30T17:00:05Z,intraday_nowcast,576.5000000000003,599.56,176.06000000000057,1176.0600000000004
2026-06-30T17:00:05Z,longshot_fade,371.6479999999987,599.6,-28.751999999999857,971.2479999999987
2026-06-30T17:00:05Z,market_making,992.3818211900041,899.98348996,663.2470246500004,1892.3653111500041
2026-06-30T18:30:05Z,calibration_overlay,909.0299999999999,22.9,-68.07,931.9299999999998
2026-06-30T18:30:05Z,climatology,317.58000000000004,502.01,-180.40999999999977,819.59
2026-06-30T18:30:05Z,ensemble_divergence,698.0400000000003,404.03000000000003,102.07000000000002,1102.0700000000004
2026-06-30T18:30:05Z,ensemble_divergence_lh,708.9300000000002,583.49,292.41999999999985,1292.42
2026-06-30T18:30:05Z,event_arbitrage,1000.0,0.0,0.0,1000.0
2026-06-30T18:30:05Z,intraday_nowcast,788.5000000000003,288.08,76.58000000000054,1076.5800000000004
2026-06-30T18:30:05Z,longshot_fade,721.6479999999988,252.73999999999998,-25.611999999999856,974.3879999999988
2026-06-30T18:30:05Z,market_making,1682.921821190004,356.28409996,810.0876346500003,2039.205921150004
2026-06-30T20:00:07Z,calibration_overlay,882.5699999999998,49.36,-68.07,931.9299999999998
2026-06-30T20:00:07Z,climatology,279.4200000000002,550.92,-169.65999999999977,830.3400000000001
2026-06-30T20:00:07Z,ensemble_divergence,617.4600000000002,539.5600000000001,157.01999999999998,1157.0200000000002
2026-06-30T20:00:07Z,ensemble_divergence_lh,692.4700000000001,599.95,292.41999999999985,1292.42
2026-06-30T20:00:07Z,event_arbitrage,1000.0,0.0,0.0,1000.0
2026-06-30T20:00:07Z,intraday_nowcast,911.6900000000002,268.56,180.25000000000054,1180.2500000000002
2026-06-30T20:00:07Z,longshot_fade,468.72799999999876,505.65999999999997,-25.611999999999856,974.3879999999988
2026-06-30T20:00:07Z,market_making,1439.2821145900036,599.92380656,810.0876346500003,2039.2059211500036
2026-06-30T22:30:06Z,calibration_overlay,882.5699999999998,49.36,-68.07,931.9299999999998
2026-06-30T22:30:06Z,climatology,279.4200000000002,550.92,-169.65999999999977,830.3400000000001
2026-06-30T22:30:06Z,ensemble_divergence,617.4600000000002,539.5600000000001,157.01999999999998,1157.0200000000002
2026-06-30T22:30:06Z,ensemble_divergence_lh,692.4700000000001,599.95,292.41999999999985,1292.42
2026-06-30T22:30:06Z,event_arbitrage,1000.0,0.0,0.0,1000.0
2026-06-30T22:30:06Z,intraday_nowcast,911.6900000000002,268.56,180.25000000000054,1180.2500000000002
2026-06-30T22:30:06Z,longshot_fade,468.72799999999876,505.65999999999997,-25.611999999999856,974.3879999999988
2026-06-30T22:30:06Z,market_making,1439.2821145900036,599.92380656,810.0876346500003,2039.2059211500036
2026-07-01T17:00:06Z,calibration_overlay,859.9599999999998,71.97,-68.07,931.9299999999998
2026-07-01T17:00:06Z,climatology,226.0400000000002,599.9499999999999,-174.00999999999976,825.9900000000001
2026-07-01T17:00:06Z,ensemble_divergence,557.0600000000001,599.96,157.01999999999998,1157.02
2026-07-01T17:00:06Z,ensemble_divergence_lh,692.4700000000001,599.95,292.41999999999985,1292.42
2026-07-01T17:00:06Z,event_arbitrage,1000.0,0.0,0.0,1000.0
2026-07-01T17:00:06Z,intraday_nowcast,580.3500000000001,599.9,180.25000000000054,1180.25
2026-07-01T17:00:06Z,longshot_fade,374.5679999999986,599.8199999999999,-25.611999999999856,974.3879999999986
2026-07-01T17:00:06Z,market_making,1182.1566065900033,857.04931456,810.0876346500003,2039.2059211500032
2026-07-01T18:30:04Z,calibration_overlay,889.9599999999998,22.61,-87.42999999999998,912.5699999999998
2026-07-01T18:30:04Z,climatology,376.0400000000002,370.84999999999997,-253.10999999999973,746.8900000000001
2026-07-01T18:30:04Z,ensemble_divergence,637.0600000000001,346.89,-16.050000000000033,983.95
2026-07-01T18:30:04Z,ensemble_divergence_lh,1012.4700000000001,218.85,231.3199999999999,1231.3200000000002
2026-07-01T18:30:04Z,event_arbitrage,1000.0,0.0,0.0,1000.0
2026-07-01T18:30:04Z,intraday_nowcast,630.3500000000001,331.34,-38.309999999999434,961.69
2026-07-01T18:30:04Z,longshot_fade,684.5679999999986,298.55,-16.88199999999985,983.1179999999986
2026-07-01T18:30:04Z,market_making,1634.2139065900033,350.2602504,755.3558704900003,1984.4741569900034
2026-07-01T20:00:04Z,calibration_overlay,848.3999999999999,64.17,-87.42999999999998,912.5699999999998
2026-07-01T20:00:04Z,climatology,186.8200000000002,558.34,-254.83999999999975,745.1600000000002
2026-07-01T20:00:04Z,ensemble_divergence,463.5400000000001,529.23,-7.230000000000031,992.7700000000001
2026-07-01T20:00:04Z,ensemble_divergence_lh,838.02,393.3,231.3199999999999,1231.32
2026-07-01T20:00:04Z,event_arbitrage,1000.0,0.0,0.0,1000.0
2026-07-01T20:00:04Z,intraday_nowcast,625.6800000000002,346.59000000000003,-27.729999999999425,972.2700000000002
2026-07-01T20:00:04Z,longshot_fade,496.08799999999866,487.03,-16.88199999999985,983.1179999999986
2026-07-01T20:00:04Z,market_making,1341.366727230003,643.10742976,755.3558704900003,1984.474156990003
2026-07-01T22:30:05Z,calibration_overlay,848.3999999999999,64.17,-87.42999999999998,912.5699999999998
2026-07-01T22:30:05Z,climatology,186.8200000000002,558.34,-254.83999999999975,745.1600000000002
2026-07-01T22:30:05Z,ensemble_divergence,463.5400000000001,529.23,-7.230000000000031,992.7700000000001
2026-07-01T22:30:05Z,ensemble_divergence_lh,838.02,393.3,231.3199999999999,1231.32
2026-07-01T22:30:05Z,event_arbitrage,1000.0,0.0,0.0,1000.0
2026-07-01T22:30:05Z,intraday_nowcast,625.6800000000002,346.59000000000003,-27.729999999999425,972.2700000000002
2026-07-01T22:30:05Z,longshot_fade,496.08799999999866,487.03,-16.88199999999985,983.1179999999986
2026-07-01T22:30:05Z,market_making,1341.366727230003,643.10742976,755.3558704900003,1984.474156990003
2026-07-02T02:03:58Z,calibration_overlay,848.3999999999999,64.17,-87.42999999999998,912.5699999999998
2026-07-02T02:03:58Z,climatology,213.17000000000016,555.0,-231.82999999999973,768.1700000000002
2026-07-02T02:03:58Z,ensemble_divergence,471.08000000000004,551.09,22.169999999999966,1022.1700000000001
2026-07-02T02:03:58Z,ensemble_divergence_lh,766.22,465.1,231.3199999999999,1231.3200000000002
2026-07-02T02:03:58Z,event_arbitrage,1000.0,0.0,0.0,1000.0
2026-07-02T02:03:58Z,intraday_nowcast,821.3600000000005,234.07,55.43000000000057,1055.4300000000005
2026-07-02T02:03:58Z,longshot_fade,416.35799999999864,566.76,-16.88199999999985,983.1179999999986
2026-07-02T02:03:58Z,market_making,1084.5502775100035,899.92387948,755.3558704900003,1984.4741569900034
2026-07-02T08:00:15Z,calibration_overlay,848.3999999999999,64.17,-87.42999999999998,912.5699999999998
2026-07-02T08:00:15Z,climatology,213.17000000000016,555.0,-231.82999999999973,768.1700000000002
2026-07-02T08:00:15Z,ensemble_divergence,422.9200000000001,599.25,22.169999999999966,1022.1700000000001
2026-07-02T08:00:15Z,ensemble_divergence_lh,766.22,465.1,231.3199999999999,1231.3200000000002
2026-07-02T08:00:15Z,event_arbitrage,1000.0,0.0,0.0,1000.0
2026-07-02T08:00:15Z,intraday_nowcast,821.3600000000005,234.07,55.43000000000057,1055.4300000000005
2026-07-02T08:00:15Z,longshot_fade,387.65799999999865,595.46,-16.88199999999985,983.1179999999987
2026-07-02T08:00:15Z,market_making,1084.4902775100036,899.98387948,755.3558704900003,1984.4741569900036
2026-07-02T18:30:06Z,calibration_overlay,878.3999999999999,0.0,-121.59999999999997,878.3999999999999
2026-07-02T18:30:06Z,climatology,338.1700000000002,334.21,-327.6199999999997,672.3800000000001
2026-07-02T18:30:06Z,ensemble_divergence,582.9200000000001,327.44,-89.64000000000001,910.3600000000001
2026-07-02T18:30:06Z,ensemble_divergence_lh,967.22,246.25,213.4699999999999,1213.47
2026-07-02T18:30:06Z,event_arbitrage,1000.0,0.0,0.0,1000.0
2026-07-02T18:30:06Z,intraday_nowcast,821.3600000000005,0.0,-178.63999999999942,821.3600000000005
2026-07-02T18:30:06Z,longshot_fade,737.6579999999987,252.35999999999999,-9.98199999999984,990.0179999999987
2026-07-02T18:30:06Z,market_making,1770.7822775100037,223.35622978,765.0202207900004,1994.1385072900036
2026-07-02T20:00:06Z,calibration_overlay,830.0999999999998,48.3,-121.59999999999997,878.3999999999997
2026-07-02T20:00:06Z,climatology,127.56000000000022,568.73,-303.7099999999997,696.2900000000002
2026-07-02T20:00:06Z,ensemble_divergence,397.94000000000005,568.52,-33.54000000000003,966.46
2026-07-02T20:00:06Z,ensemble_divergence_lh,787.92,425.55,213.4699999999999,1213.47
2026-07-02T20:00:06Z,event_arbitrage,1000.0,0.0,0.0,1000.0
2026-07-02T20:00:06Z,intraday_nowcast,607.1800000000005,214.18,-178.63999999999942,821.3600000000006
2026-07-02T20:00:06Z,longshot_fade,473.3479999999986,516.67,-9.98199999999984,990.0179999999986
2026-07-02T20:00:06Z,market_making,1575.5344808300044,418.60402646,765.0202207900004,1994.1385072900043
2026-07-02T23:08:35Z,calibration_overlay,830.0999999999998,48.3,-121.59999999999997,878.3999999999997
2026-07-02T23:08:35Z,climatology,150.9600000000002,551.59,-297.4499999999997,702.5500000000002
2026-07-02T23:08:35Z,ensemble_divergence,366.51000000000005,599.95,-33.54000000000003,966.46
2026-07-02T23:08:35Z,ensemble_divergence_lh,700.11,513.36,213.4699999999999,1213.47
2026-07-02T23:08:35Z,event_arbitrage,1000.0,0.0,0.0,1000.0
2026-07-02T23:08:35Z,intraday_nowcast,656.1000000000006,187.84,-156.0599999999994,843.9400000000006
2026-07-02T23:08:35Z,longshot_fade,443.8079999999986,546.21,-9.98199999999984,990.0179999999987
2026-07-02T23:08:35Z,market_making,1192.2825236200047,801.85598367,765.0202207900004,1994.1385072900048
2026-07-03T02:02:22Z,calibration_overlay,830.0999999999998,48.3,-121.59999999999997,878.3999999999997
2026-07-03T02:02:22Z,climatology,154.4000000000002,553.56,-292.0399999999997,707.9600000000002
2026-07-03T02:02:22Z,ensemble_divergence,366.51000000000005,599.95,-33.54000000000003,966.46
2026-07-03T02:02:22Z,ensemble_divergence_lh,695.4300000000001,518.04,213.4699999999999,1213.47
2026-07-03T02:02:22Z,event_arbitrage,1000.0,0.0,0.0,1000.0
2026-07-03T02:02:22Z,intraday_nowcast,655.5600000000006,188.38,-156.0599999999994,843.9400000000006
2026-07-03T02:02:22Z,longshot_fade,433.8079999999986,556.21,-9.98199999999984,990.0179999999987
2026-07-03T02:02:22Z,longshot_fade_dayb,971.86,28.139999999999997,0.0,1000.0
2026-07-03T02:02:22Z,market_making,1094.1466101600051,899.99189713,765.0202207900004,1994.1385072900052
2026-07-03T17:00:11Z,calibration_overlay,811.2999999999998,67.1,-121.59999999999997,878.3999999999999
2026-07-03T17:00:11Z,climatology,116.38000000000021,599.71,-283.9099999999997,716.0900000000003
2026-07-03T17:00:11Z,ensemble_divergence,366.51000000000005,599.95,-33.54000000000003,966.46
2026-07-03T17:00:11Z,ensemble_divergence_lh,613.4800000000001,599.99,213.4699999999999,1213.4700000000003
2026-07-03T17:00:11Z,event_arbitrage,1000.0,0.0,0.0,1000.0
2026-07-03T17:00:11Z,intraday_nowcast,428.7700000000006,415.17,-156.0599999999994,843.9400000000006
2026-07-03T17:00:11Z,longshot_fade,390.70799999999855,599.31,-9.98199999999984,990.0179999999984
2026-07-03T17:00:11Z,longshot_fade_dayb,943.8100000000001,56.19,0.0,1000.0
2026-07-03T17:00:11Z,market_making,1094.1466101600051,899.99189713,765.0202207900004,1994.1385072900052
2026-07-03T18:30:11Z,calibration_overlay,871.2999999999998,18.8,-109.89999999999998,890.0999999999998
2026-07-03T18:30:11Z,climatology,241.38000000000022,378.52,-380.09999999999974,619.9000000000002
2026-07-03T18:30:11Z,ensemble_divergence,686.51,210.73,-102.76000000000005,897.24
2026-07-03T18:30:11Z,ensemble_divergence_lh,853.4800000000001,353.74,207.2199999999999,1207.2200000000003
2026-07-03T18:30:11Z,event_arbitrage,1000.0,0.0,0.0,1000.0
2026-07-03T18:30:11Z,intraday_nowcast,528.7700000000007,226.79,-244.43999999999932,755.5600000000006
2026-07-03T18:30:11Z,longshot_fade,740.7079999999985,247.68,-11.611999999999828,988.3879999999986
2026-07-03T18:30:11Z,longshot_fade_dayb,943.8100000000001,56.19,0.0,1000.0
2026-07-03T18:30:11Z,market_making,1770.9784101600048,242.37771050999999,784.2378341700005,2013.3561206700049
2026-07-03T20:00:03Z,calibration_overlay,828.9099999999999,61.19,-109.89999999999998,890.0999999999999
2026-07-03T20:00:03Z,climatology,99.04000000000033,516.05,-384.9099999999997,615.0900000000003
2026-07-03T20:00:03Z,ensemble_divergence,526.3800000000002,387.93,-85.69000000000004,914.3100000000002
2026-07-03T20:00:03Z,ensemble_divergence_lh,750.6600000000002,456.56,207.2199999999999,1207.2200000000003
2026-07-03T20:00:03Z,event_arbitrage,1000.0,0.0,0.0,1000.0
2026-07-03T20:00:03Z,intraday_nowcast,477.5900000000007,307.15,-215.2599999999993,784.7400000000007
2026-07-03T20:00:03Z,longshot_fade,470.50399999999837,517.884,-11.611999999999828,988.3879999999983
2026-07-03T20:00:03Z,longshot_fade_dayb,943.8100000000001,56.19,0.0,1000.0
2026-07-03T20:00:03Z,market_making,1519.9988999600055,493.35722071,784.2378341700005,2013.3561206700056
2026-07-03T22:30:04Z,calibration_overlay,828.9099999999999,61.19,-109.89999999999998,890.0999999999999
2026-07-03T22:30:04Z,climatology,99.04000000000033,516.05,-384.9099999999997,615.0900000000003
2026-07-03T22:30:04Z,ensemble_divergence,526.3800000000002,387.93,-85.69000000000004,914.3100000000002
2026-07-03T22:30:04Z,ensemble_divergence_lh,750.6600000000002,456.56,207.2199999999999,1207.2200000000003
2026-07-03T22:30:04Z,event_arbitrage,1000.0,0.0,0.0,1000.0
2026-07-03T22:30:04Z,intraday_nowcast,477.5900000000007,307.15,-215.2599999999993,784.7400000000007
2026-07-03T22:30:04Z,longshot_fade,470.50399999999837,517.884,-11.611999999999828,988.3879999999983
2026-07-03T22:30:04Z,longshot_fade_dayb,943.8100000000001,56.19,0.0,1000.0
2026-07-03T22:30:04Z,market_making,1519.9988999600055,493.35722071,784.2378341700005,2013.3561206700056
2026-07-03T23:00:05Z,calibration_overlay,828.9099999999999,61.19,-109.89999999999998,890.0999999999999
2026-07-03T23:00:05Z,climatology,99.04000000000033,516.05,-384.9099999999997,615.0900000000003
2026-07-03T23:00:05Z,ensemble_divergence,576.5400000000003,388.54,-34.92000000000003,965.0800000000004
2026-07-03T23:00:05Z,ensemble_divergence_lh,721.6800000000002,485.53999999999996,207.2199999999999,1207.2200000000003
2026-07-03T23:00:05Z,event_arbitrage,1000.0,0.0,0.0,1000.0
2026-07-03T23:00:05Z,intraday_nowcast,574.3500000000009,251.96,-173.68999999999932,826.310000000001
2026-07-03T23:00:05Z,longshot_fade,441.0639999999984,547.324,-11.611999999999828,988.3879999999983
2026-07-03T23:00:05Z,longshot_fade_dayb,943.8100000000001,56.19,0.0,1000.0
2026-07-03T23:00:05Z,market_making,1189.3377896600061,824.01833101,784.2378341700005,2013.356120670006
2026-07-04T05:00:04Z,calibration_overlay,828.9099999999999,61.19,-109.89999999999998,890.0999999999999
2026-07-04T05:00:04Z,climatology,140.71000000000032,505.8,-353.48999999999967,646.5100000000003
2026-07-04T05:00:04Z,ensemble_divergence,514.8400000000004,450.24,-34.92000000000003,965.0800000000004
2026-07-04T05:00:04Z,ensemble_divergence_lh,680.2800000000002,526.9399999999999,207.2199999999999,1207.2200000000003
2026-07-04T05:00:04Z,event_arbitrage,1000.0,0.0,0.0,1000.0
2026-07-04T05:00:04Z,intraday_nowcast,622.730000000001,217.3,-159.96999999999932,840.0300000000011
2026-07-04T05:00:04Z,longshot_fade,403.28399999999834,585.1039999999999,-11.611999999999828,988.3879999999983
2026-07-04T05:00:04Z,longshot_fade_dayb,943.8100000000001,56.19,0.0,1000.0
2026-07-04T05:00:04Z,market_making,1113.3620712100067,899.99404946,784.2378341700005,2013.3561206700067
2026-07-04T08:00:18Z,calibration_overlay,828.9099999999999,61.19,-109.89999999999998,890.0999999999999
2026-07-04T08:00:18Z,climatology,123.57000000000032,522.9399999999999,-353.48999999999967,646.5100000000002
2026-07-04T08:00:18Z,ensemble_divergence,523.0700000000004,441.14,-35.79000000000003,964.2100000000004
2026-07-04T08:00:18Z,ensemble_divergence_lh,680.2800000000002,526.9399999999999,207.2199999999999,1207.2200000000003
2026-07-04T08:00:18Z,event_arbitrage,1000.0,0.0,0.0,1000.0
2026-07-04T08:00:18Z,intraday_nowcast,622.730000000001,217.3,-159.96999999999932,840.0300000000011
2026-07-04T08:00:18Z,longshot_fade,393.84399999999835,594.544,-11.611999999999828,988.3879999999983
2026-07-04T08:00:18Z,longshot_fade_dayb,943.8100000000001,56.19,0.0,1000.0
2026-07-04T08:00:18Z,market_making,1113.3620712100067,899.99404946,784.2378341700005,2013.3561206700067
2026-07-04T17:00:05Z,climatology,54.83000000000036,599.97,-345.19999999999965,654.8000000000004
2026-07-04T17:00:05Z,ensemble_divergence,380.18000000000035,599.81,-20.010000000000026,979.9900000000002
2026-07-04T17:00:05Z,ensemble_divergence_lh,607.2900000000001,599.93,207.2199999999999,1207.22
2026-07-04T17:00:05Z,event_arbitrage,1000.0,0.0,0.0,1000.0
2026-07-04T17:00:05Z,intraday_nowcast,362.7300000000011,477.3,-159.96999999999932,840.0300000000011
2026-07-04T17:00:05Z,longshot_fade_dayb,915.3800000000001,84.61999999999999,0.0,1000.0000000000001
2026-07-04T17:00:05Z,market_making,1113.3620712100067,899.99404946,784.2378341700005,2013.3561206700067
2026-07-04T18:30:05Z,climatology,204.83000000000035,360.19,-434.97999999999973,565.0200000000003
2026-07-04T18:30:05Z,ensemble_divergence,429.18000000000035,394.45,-176.37,823.6300000000003
2026-07-04T18:30:05Z,ensemble_divergence_lh,927.2900000000001,328.14,255.42999999999992,1255.43
2026-07-04T18:30:05Z,event_arbitrage,1000.0,0.0,0.0,1000.0
2026-07-04T18:30:05Z,intraday_nowcast,362.7300000000011,260.0,-377.26999999999924,622.7300000000012
2026-07-04T18:30:05Z,longshot_fade_dayb,945.3800000000001,56.48,1.860000000000003,1001.8600000000001
2026-07-04T18:30:05Z,market_making,1708.1455712100067,271.64851505,750.6757997600004,1979.7940862600067
2026-07-04T20:00:04Z,climatology,161.66000000000037,428.72999999999996,-409.60999999999973,590.3900000000003
2026-07-04T20:00:04Z,ensemble_divergence,347.4600000000004,504.21,-148.33,851.6700000000003
2026-07-04T20:00:04Z,ensemble_divergence_lh,750.2700000000001,505.16,255.42999999999992,1255.43
2026-07-04T20:00:04Z,event_arbitrage,1000.0,0.0,0.0,1000.0
2026-07-04T20:00:04Z,intraday_nowcast,439.04000000000116,231.89,-329.06999999999925,670.9300000000012
2026-07-04T20:00:04Z,longshot_fade_dayb,945.3800000000001,56.48,1.860000000000003,1001.8600000000001
2026-07-04T20:00:04Z,market_making,1438.8464352300077,540.94765103,750.6757997600004,1979.7940862600076
2026-07-04T22:30:06Z,climatology,161.66000000000037,428.72999999999996,-409.60999999999973,590.3900000000003
2026-07-04T22:30:06Z,ensemble_divergence,347.4600000000004,504.21,-148.33,851.6700000000003
2026-07-04T22:30:06Z,ensemble_divergence_lh,750.2700000000001,505.16,255.42999999999992,1255.43
2026-07-04T22:30:06Z,event_arbitrage,1000.0,0.0,0.0,1000.0
2026-07-04T22:30:06Z,intraday_nowcast,439.04000000000116,231.89,-329.06999999999925,670.9300000000012
2026-07-04T22:30:06Z,longshot_fade_dayb,945.3800000000001,56.48,1.860000000000003,1001.8600000000001
2026-07-04T22:30:06Z,market_making,1438.8464352300077,540.94765103,750.6757997600004,1979.7940862600076
2026-07-04T23:00:05Z,climatology,240.50000000000034,405.26,-354.2399999999997,645.7600000000003
2026-07-04T23:00:05Z,ensemble_divergence,371.0800000000003,535.8,-93.12,906.8800000000003
2026-07-04T23:00:05Z,ensemble_divergence_lh,694.7500000000001,560.68,255.42999999999992,1255.43
2026-07-04T23:00:05Z,event_arbitrage,1000.0,0.0,0.0,1000.0
2026-07-04T23:00:05Z,intraday_nowcast,584.1900000000013,188.44,-227.3699999999992,772.6300000000012
2026-07-04T23:00:05Z,longshot_fade_dayb,945.3800000000001,56.48,1.860000000000003,1001.8600000000001
2026-07-04T23:00:05Z,market_making,1148.1555063300082,831.63857993,750.6757997600004,1979.794086260008
2026-07-05T02:00:06Z,climatology,219.24000000000035,426.52,-354.2399999999997,645.7600000000003
2026-07-05T02:00:06Z,ensemble_divergence,373.51000000000033,555.45,-71.04,928.9600000000004
2026-07-05T02:00:06Z,ensemble_divergence_lh,657.6100000000001,597.82,255.42999999999992,1255.4300000000003
2026-07-05T02:00:06Z,event_arbitrage,1000.0,0.0,0.0,1000.0
2026-07-05T02:00:06Z,intraday_nowcast,584.1900000000013,188.44,-227.3699999999992,772.6300000000012
2026-07-05T02:00:06Z,longshot_fade_dayb,945.3800000000001,56.48,1.860000000000003,1001.8600000000001
2026-07-05T02:00:06Z,market_making,1079.8087980300081,899.98528823,750.6757997600004,1979.794086260008
2026-07-05T05:00:06Z,climatology,221.31000000000034,431.63,-347.0599999999997,652.9400000000003
2026-07-05T05:00:06Z,ensemble_divergence,329.4600000000004,599.5,-71.04,928.9600000000004
2026-07-05T05:00:06Z,ensemble_divergence_lh,655.6700000000001,599.76,255.42999999999992,1255.43
2026-07-05T05:00:06Z,event_arbitrage,1000.0,0.0,0.0,1000.0
2026-07-05T05:00:06Z,intraday_nowcast,584.1900000000013,188.44,-227.3699999999992,772.6300000000012
2026-07-05T05:00:06Z,longshot_fade_dayb,945.3800000000001,56.48,1.860000000000003,1001.8600000000001
2026-07-05T05:00:06Z,market_making,1079.8087980300081,899.98528823,750.6757997600004,1979.794086260008
2026-07-05T08:00:05Z,climatology,244.71000000000035,413.76,-341.52999999999975,658.4700000000004
2026-07-05T08:00:05Z,ensemble_divergence,322.1500000000004,598.47,-79.38000000000001,920.6200000000003
2026-07-05T08:00:05Z,ensemble_divergence_lh,655.6700000000001,599.76,255.42999999999992,1255.43
2026-07-05T08:00:05Z,event_arbitrage,1000.0,0.0,0.0,1000.0
2026-07-05T08:00:05Z,intraday_nowcast,584.1900000000013,188.44,-227.3699999999992,772.6300000000012
2026-07-05T08:00:05Z,longshot_fade_dayb,945.3800000000001,56.48,1.860000000000003,1001.8600000000001
2026-07-05T08:00:05Z,market_making,1079.8087980300081,899.98528823,750.6757997600004,1979.794086260008
2026-07-05T11:00:05Z,climatology,244.71000000000035,413.76,-341.52999999999975,658.4700000000004
2026-07-05T11:00:05Z,ensemble_divergence,345.5900000000004,580.89,-73.52000000000001,926.4800000000004
2026-07-05T11:00:05Z,ensemble_divergence_lh,655.6700000000001,599.76,255.42999999999992,1255.43
2026-07-05T11:00:05Z,event_arbitrage,1000.0,0.0,0.0,1000.0
2026-07-05T11:00:05Z,intraday_nowcast,584.1900000000013,188.44,-227.3699999999992,772.6300000000012
2026-07-05T11:00:05Z,longshot_fade_dayb,945.3800000000001,56.48,1.860000000000003,1001.8600000000001
2026-07-05T11:00:05Z,market_making,1079.8087980300081,899.98528823,750.6757997600004,1979.794086260008
2026-07-05T17:00:04Z,climatology,72.91000000000035,599.97,-327.1199999999997,672.8800000000003
2026-07-05T17:00:04Z,ensemble_divergence,342.2300000000003,599.93,-57.84000000000001,942.1600000000003
2026-07-05T17:00:04Z,ensemble_divergence_lh,655.4300000000001,600.0,255.42999999999992,1255.43
2026-07-05T17:00:04Z,event_arbitrage,1000.0,0.0,0.0,1000.0
2026-07-05T17:00:04Z,intraday_nowcast,362.66000000000116,409.96999999999997,-227.3699999999992,772.6300000000011
2026-07-05T17:00:04Z,longshot_fade_dayb,917.3300000000002,84.53,1.860000000000003,1001.8600000000001
2026-07-05T17:00:04Z,market_making,1079.8087980300081,899.98528823,750.6757997600004,1979.794086260008
2026-07-05T18:30:05Z,climatology,222.91000000000037,452.59,-324.49999999999983,675.5000000000003
2026-07-05T18:30:05Z,ensemble_divergence,462.2300000000003,394.84999999999997,-142.92000000000002,857.0800000000003
2026-07-05T18:30:05Z,ensemble_divergence_lh,975.4300000000001,344.85,320.27999999999986,1320.2800000000002
2026-07-05T18:30:05Z,event_arbitrage,1000.0,0.0,0.0,1000.0
2026-07-05T18:30:05Z,intraday_nowcast,412.66000000000116,221.53,-365.8099999999994,634.1900000000012
2026-07-05T18:30:05Z,longshot_fade_dayb,947.3300000000002,56.48,3.810000000000006,1003.8100000000002
2026-07-05T18:30:05Z,market_making,1967.198798030008,231.64238318,969.7228947100003,2198.841181210008
2026-07-05T20:00:05Z,climatology,168.38000000000036,509.59,-322.0299999999998,677.9700000000004
2026-07-05T20:00:05Z,ensemble_divergence,257.74000000000035,599.97,-142.29000000000002,857.7100000000004
2026-07-05T20:00:05Z,ensemble_divergence_lh,720.39,599.89,320.27999999999986,1320.28
2026-07-05T20:00:05Z,event_arbitrage,1000.0,0.0,0.0,1000.0
2026-07-05T20:00:05Z,intraday_nowcast,374.84000000000117,259.35,-365.8099999999994,634.1900000000012
2026-07-05T20:00:05Z,longshot_fade_dayb,947.3300000000002,56.48,3.810000000000006,1003.8100000000002
2026-07-05T20:00:05Z,market_making,1682.4765283800077,516.36465283,969.7228947100003,2198.8411812100076
2026-07-05T22:30:05Z,climatology,168.38000000000036,509.59,-322.0299999999998,677.9700000000004
2026-07-05T22:30:05Z,ensemble_divergence,257.74000000000035,599.97,-142.29000000000002,857.7100000000004
2026-07-05T22:30:05Z,ensemble_divergence_lh,720.39,599.89,320.27999999999986,1320.28
2026-07-05T22:30:05Z,event_arbitrage,1000.0,0.0,0.0,1000.0
2026-07-05T22:30:05Z,intraday_nowcast,374.84000000000117,259.35,-365.8099999999994,634.1900000000012
2026-07-05T22:30:05Z,longshot_fade_dayb,947.3300000000002,56.48,3.810000000000006,1003.8100000000002
2026-07-05T22:30:05Z,market_making,1682.4765283800077,516.36465283,969.7228947100003,2198.8411812100076
2026-07-05T23:00:05Z,climatology,267.30000000000035,452.01,-280.6899999999998,719.3100000000004
2026-07-05T23:00:05Z,ensemble_divergence,281.31000000000034,598.79,-119.90000000000002,880.1000000000004
2026-07-05T23:00:05Z,ensemble_divergence_lh,720.39,599.89,320.27999999999986,1320.28
2026-07-05T23:00:05Z,event_arbitrage,1000.0,0.0,0.0,1000.0
2026-07-05T23:00:05Z,intraday_nowcast,472.6800000000011,221.99,-305.3299999999994,694.6700000000011
2026-07-05T23:00:05Z,longshot_fade_dayb,947.3300000000002,56.48,3.810000000000006,1003.8100000000002
2026-07-05T23:00:05Z,market_making,1472.045174620008,726.79600659,969.7228947100003,2198.841181210008
2026-07-06T02:00:05Z,climatology,267.30000000000035,452.01,-280.6899999999998,719.3100000000004
2026-07-06T02:00:05Z,ensemble_divergence,280.53000000000037,599.5699999999999,-119.90000000000002,880.1000000000004
2026-07-06T02:00:05Z,ensemble_divergence_lh,720.39,599.89,320.27999999999986,1320.28
2026-07-06T02:00:05Z,event_arbitrage,1000.0,0.0,0.0,1000.0
2026-07-06T02:00:05Z,intraday_nowcast,472.6800000000011,221.99,-305.3299999999994,694.6700000000011
2026-07-06T02:00:05Z,longshot_fade_dayb,947.3300000000002,56.48,3.810000000000006,1003.8100000000002
2026-07-06T02:00:05Z,market_making,1365.3347829700087,833.50639824,969.7228947100003,2198.8411812100085
2026-07-06T05:00:05Z,climatology,249.67000000000036,469.64,-280.6899999999998,719.3100000000004
2026-07-06T05:00:05Z,ensemble_divergence,280.12000000000035,599.98,-119.90000000000002,880.1000000000004
2026-07-06T05:00:05Z,ensemble_divergence_lh,720.39,599.89,320.27999999999986,1320.28
2026-07-06T05:00:05Z,event_arbitrage,1000.0,0.0,0.0,1000.0
2026-07-06T05:00:05Z,intraday_nowcast,472.6800000000011,221.99,-305.3299999999994,694.6700000000011
2026-07-06T05:00:05Z,longshot_fade_dayb,947.3300000000002,56.48,3.810000000000006,1003.8100000000002
2026-07-06T05:00:05Z,market_making,1298.8849409700088,899.95624024,969.7228947100003,2198.841181210009
2026-07-06T11:00:05Z,climatology,230.83000000000035,488.48,-280.6899999999998,719.3100000000004
2026-07-06T11:00:05Z,ensemble_divergence,280.12000000000035,599.98,-119.90000000000002,880.1000000000004
2026-07-06T11:00:05Z,ensemble_divergence_lh,720.39,599.89,320.27999999999986,1320.28
2026-07-06T11:00:05Z,event_arbitrage,1000.0,0.0,0.0,1000.0
2026-07-06T11:00:05Z,intraday_nowcast,472.6800000000011,221.99,-305.3299999999994,694.6700000000011
2026-07-06T11:00:05Z,longshot_fade_dayb,947.3300000000002,56.48,3.810000000000006,1003.8100000000002
2026-07-06T11:00:05Z,market_making,1298.8849409700088,899.95624024,969.7228947100003,2198.841181210009
2026-07-06T17:00:08Z,climatology,124.54000000000038,599.78,-275.67999999999984,724.3200000000004
2026-07-06T17:00:08Z,ensemble_divergence,280.12000000000035,599.98,-119.90000000000002,880.1000000000004
2026-07-06T17:00:08Z,ensemble_divergence_lh,720.28,600.0,320.27999999999986,1320.28
2026-07-06T17:00:08Z,event_arbitrage,1000.0,0.0,0.0,1000.0
2026-07-06T17:00:08Z,intraday_nowcast,289.25000000000114,405.42,-305.3299999999994,694.6700000000012
2026-07-06T17:00:08Z,longshot_fade_dayb,919.2800000000001,84.53,3.810000000000006,1003.8100000000001
2026-07-06T17:00:08Z,market_making,1298.8486409700088,899.99254024,969.7228947100003,2198.841181210009
2026-07-06T18:30:04Z,climatology,174.54000000000036,449.59,-375.8699999999999,624.1300000000003
2026-07-06T18:30:04Z,ensemble_divergence,419.12000000000035,298.48,-282.40000000000003,717.6000000000004
2026-07-06T18:30:04Z,ensemble_divergence_lh,920.28,255.39000000000001,175.66999999999987,1175.67
2026-07-06T18:30:04Z,event_arbitrage,1000.0,0.0,0.0,1000.0
2026-07-06T18:30:04Z,intraday_nowcast,389.25000000000114,183.43,-427.3199999999995,572.6800000000012
2026-07-06T18:30:04Z,longshot_fade_dayb,949.2800000000001,56.1,5.380000000000006,1005.3800000000001
2026-07-06T18:30:04Z,market_making,1879.962740970008,309.85219466,960.6966491300002,2189.814935630008
2026-07-06T20:00:05Z,climatology,180.85000000000028,474.93,-344.21999999999986,655.7800000000003
2026-07-06T20:00:05Z,ensemble_divergence,273.6100000000004,477.84999999999997,-248.54000000000002,751.4600000000004
2026-07-06T20:00:05Z,ensemble_divergence_lh,689.9899999999999,485.68,175.66999999999987,1175.6699999999998
2026-07-06T20:00:05Z,event_arbitrage,1000.0,0.0,0.0,1000.0
2026-07-06T20:00:05Z,intraday_nowcast,412.7500000000011,186.02,-401.2299999999995,598.7700000000011
2026-07-06T20:00:05Z,longshot_fade_dayb,949.2800000000001,56.1,5.380000000000006,1005.3800000000001
2026-07-06T20:00:05Z,market_making,1552.0427893900082,637.77214624,960.6966491300002,2189.814935630008
2026-07-06T22:30:07Z,climatology,180.85000000000028,474.93,-344.21999999999986,655.7800000000003
2026-07-06T22:30:07Z,ensemble_divergence,273.6100000000004,477.84999999999997,-248.54000000000002,751.4600000000004
2026-07-06T22:30:07Z,ensemble_divergence_lh,689.9899999999999,485.68,175.66999999999987,1175.6699999999998
2026-07-06T22:30:07Z,event_arbitrage,1000.0,0.0,0.0,1000.0
2026-07-06T22:30:07Z,intraday_nowcast,412.7500000000011,186.02,-401.2299999999995,598.7700000000011
2026-07-06T22:30:07Z,longshot_fade_dayb,949.2800000000001,56.1,5.380000000000006,1005.3800000000001
2026-07-06T22:30:07Z,market_making,1552.0427893900082,637.77214624,960.6966491300002,2189.814935630008
2026-07-06T23:00:17Z,climatology,172.62000000000026,497.18,-330.1999999999998,669.8000000000003
2026-07-06T23:00:17Z,ensemble_divergence,319.7800000000004,478.65999999999997,-201.56,798.4400000000004
2026-07-06T23:00:17Z,ensemble_divergence_lh,657.17,518.5,175.66999999999987,1175.67
2026-07-06T23:00:17Z,event_arbitrage,1000.0,0.0,0.0,1000.0
2026-07-06T23:00:17Z,intraday_nowcast,558.9700000000012,122.35000000000001,-318.6799999999995,681.3200000000012
2026-07-06T23:00:17Z,longshot_fade_dayb,949.2800000000001,56.1,5.380000000000006,1005.3800000000001
2026-07-06T23:00:17Z,market_making,1293.853227590008,895.96170804,960.6966491300002,2189.8149356300078
2026-07-07T02:00:04Z,climatology,172.62000000000026,497.18,-330.1999999999998,669.8000000000003
2026-07-07T02:00:04Z,ensemble_divergence,255.76000000000045,542.68,-201.56,798.4400000000004
2026-07-07T02:00:04Z,ensemble_divergence_lh,593.15,582.52,175.66999999999987,1175.67
2026-07-07T02:00:04Z,event_arbitrage,1000.0,0.0,0.0,1000.0
2026-07-07T02:00:04Z,intraday_nowcast,558.9700000000012,122.35000000000001,-318.6799999999995,681.3200000000012
2026-07-07T02:00:04Z,longshot_fade_dayb,949.2800000000001,56.1,5.380000000000006,1005.3800000000001
2026-07-07T02:00:04Z,market_making,1289.8262415900078,899.98869404,960.6966491300002,2189.8149356300078
2026-07-07T05:00:05Z,climatology,152.57000000000025,517.23,-330.1999999999998,669.8000000000003
2026-07-07T05:00:05Z,ensemble_divergence,239.08000000000044,568.25,-192.67000000000002,807.3300000000004
2026-07-07T05:00:05Z,ensemble_divergence_lh,586.17,598.39,184.55999999999986,1184.56
2026-07-07T05:00:05Z,event_arbitrage,1000.0,0.0,0.0,1000.0
2026-07-07T05:00:05Z,intraday_nowcast,558.9700000000012,122.35000000000001,-318.6799999999995,681.3200000000012
2026-07-07T05:00:05Z,longshot_fade_dayb,949.2800000000001,56.1,5.380000000000006,1005.3800000000001
2026-07-07T05:00:05Z,market_making,1289.8262415900078,899.98869404,960.6966491300002,2189.8149356300078
2026-07-07T08:00:08Z,climatology,152.57000000000025,517.23,-330.1999999999998,669.8000000000003
2026-07-07T08:00:08Z,ensemble_divergence,239.08000000000044,568.25,-192.67000000000002,807.3300000000004
2026-07-07T08:00:08Z,ensemble_divergence_lh,586.17,598.39,184.55999999999986,1184.56
2026-07-07T08:00:08Z,event_arbitrage,1000.0,0.0,0.0,1000.0
2026-07-07T08:00:08Z,intraday_nowcast,558.9700000000012,122.35000000000001,-318.6799999999995,681.3200000000012
2026-07-07T08:00:08Z,longshot_fade_dayb,949.2800000000001,56.1,5.380000000000006,1005.3800000000001
2026-07-07T08:00:08Z,market_making,1289.8262415900078,899.98869404,960.6966491300002,2189.8149356300078
2026-07-07T11:00:03Z,climatology,152.57000000000025,517.23,-330.1999999999998,669.8000000000003
2026-07-07T11:00:03Z,ensemble_divergence,239.08000000000044,568.25,-192.67000000000002,807.3300000000004
2026-07-07T11:00:03Z,ensemble_divergence_lh,586.17,598.39,184.55999999999986,1184.56
2026-07-07T11:00:03Z,event_arbitrage,1000.0,0.0,0.0,1000.0
2026-07-07T11:00:03Z,intraday_nowcast,558.9700000000012,122.35000000000001,-318.6799999999995,681.3200000000012
2026-07-07T11:00:03Z,longshot_fade_dayb,949.2800000000001,56.1,5.380000000000006,1005.3800000000001
2026-07-07T11:00:03Z,market_making,1289.8262415900078,899.98869404,960.6966491300002,2189.8149356300078
2026-07-07T14:00:04Z,climatology,152.57000000000025,517.23,-330.1999999999998,669.8000000000003
2026-07-07T14:00:04Z,ensemble_divergence,239.08000000000044,568.25,-192.67000000000002,807.3300000000004
2026-07-07T14:00:04Z,ensemble_divergence_lh,586.17,598.39,184.55999999999986,1184.56
2026-07-07T14:00:04Z,event_arbitrage,1000.0,0.0,0.0,1000.0
2026-07-07T14:00:04Z,intraday_nowcast,398.8900000000011,282.43,-318.6799999999995,681.3200000000011
2026-07-07T14:00:04Z,longshot_fade_dayb,949.2800000000001,56.1,5.380000000000006,1005.3800000000001
2026-07-07T14:00:04Z,market_making,1289.8262415900078,899.98869404,960.6966491300002,2189.8149356300078
2026-07-07T17:00:04Z,climatology,78.99000000000024,600.0,-321.0099999999998,678.9900000000002
2026-07-07T17:00:04Z,ensemble_divergence,216.10000000000045,599.91,-183.99,816.0100000000004
2026-07-07T17:00:04Z,ensemble_divergence_lh,584.61,599.95,184.55999999999986,1184.56
2026-07-07T17:00:04Z,event_arbitrage,1000.0,0.0,0.0,1000.0
2026-07-07T17:00:04Z,intraday_nowcast,277.64000000000107,403.68,-318.6799999999995,681.3200000000011
2026-07-07T17:00:04Z,longshot_fade_dayb,922.4600000000002,82.92,5.380000000000006,1005.3800000000001
2026-07-07T17:00:04Z,market_making,1289.8262415900078,899.98869404,960.6966491300002,2189.8149356300078
2026-07-07T18:30:08Z,climatology,178.99000000000024,390.12,-430.8899999999999,569.1100000000002
2026-07-07T18:30:08Z,ensemble_divergence,337.1000000000005,384.51,-278.39000000000004,721.6100000000005
2026-07-07T18:30:08Z,ensemble_divergence_lh,824.61,344.67,169.2799999999999,1169.28
2026-07-07T18:30:08Z,event_arbitrage,1000.0,0.0,0.0,1000.0
2026-07-07T18:30:08Z,intraday_nowcast,277.64000000000107,281.33,-441.0299999999996,558.970000000001
2026-07-07T18:30:08Z,longshot_fade_dayb,952.4600000000002,54.87,7.330000000000007,1007.3300000000002
2026-07-07T18:30:08Z,market_making,2019.8852415900078,168.66488198,959.4318370700001,2188.5501235700076
2026-07-07T20:00:05Z,climatology,59.22000000000025,529.4399999999999,-411.33999999999986,588.6600000000002
2026-07-07T20:00:05Z,ensemble_divergence,282.7800000000004,438.83,-278.39000000000004,721.6100000000004
2026-07-07T20:00:05Z,ensemble_divergence_lh,739.8199999999999,429.46,169.2799999999999,1169.28
2026-07-07T20:00:05Z,event_arbitrage,1000.0,0.0,0.0,1000.0
2026-07-07T20:00:05Z,intraday_nowcast,277.64000000000107,281.33,-441.0299999999996,558.970000000001
2026-07-07T20:00:05Z,longshot_fade_dayb,952.4600000000002,54.87,7.330000000000007,1007.3300000000002
2026-07-07T20:00:05Z,market_making,1890.9122431300084,297.63788044,959.4318370700001,2188.5501235700085
2026-07-08T22:30:43Z,climatology,259.22000000000025,274.25,-466.53,533.4700000000003
2026-07-08T22:30:43Z,ensemble_divergence,562.7800000000004,112.62,-324.59999999999997,675.4000000000004
2026-07-08T22:30:43Z,ensemble_divergence_lh,1059.82,86.35000000000001,146.1699999999999,1146.1699999999998
2026-07-08T22:30:43Z,event_arbitrage,1000.0,0.0,0.0,1000.0
2026-07-08T22:30:43Z,intraday_nowcast,577.640000000001,0.0,-422.3599999999998,577.640000000001
2026-07-08T22:30:43Z,longshot_fade_dayb,982.4600000000002,26.82,9.280000000000006,1009.2800000000002
2026-07-08T22:30:43Z,market_making,2172.8080431300086,13.80666746,957.4964240900002,2186.6147105900086
2026-07-09T17:00:06Z,climatology,0.010000000000255804,533.46,-466.53,533.4700000000003
2026-07-09T17:00:06Z,ensemble_divergence,228.2600000000004,447.14,-324.59999999999997,675.4000000000003
2026-07-09T17:00:06Z,ensemble_divergence_lh,891.2599999999999,254.91,146.1699999999999,1146.1699999999998
2026-07-09T17:00:06Z,event_arbitrage,1000.0,0.0,0.0,1000.0
2026-07-09T17:00:06Z,intraday_nowcast,307.00000000000097,270.64,-422.3599999999998,577.640000000001
2026-07-09T17:00:06Z,longshot_fade_dayb,928.74,80.53999999999999,9.280000000000006,1009.28
2026-07-09T17:00:06Z,market_making,2172.8080431300086,13.80666746,957.4964240900002,2186.6147105900086
2026-07-09T18:30:05Z,climatology,300.0100000000003,259.21,-440.7800000000001,559.2200000000003
2026-07-09T18:30:05Z,ensemble_divergence,428.2600000000004,334.52,-237.21999999999997,762.7800000000004
2026-07-09T18:30:05Z,ensemble_divergence_lh,1051.2599999999998,168.56,219.81999999999988,1219.8199999999997
2026-07-09T18:30:05Z,event_arbitrage,1000.0,0.0,0.0,1000.0
2026-07-09T18:30:05Z,intraday_nowcast,307.00000000000097,270.64,-422.3599999999998,577.640000000001
2026-07-09T18:30:05Z,longshot_fade_dayb,958.74,53.72,12.460000000000008,1012.46
2026-07-09T18:30:05Z,market_making,2184.2612431300086,0.0,955.1429566300003,2184.2612431300086
2026-07-09T20:00:05Z,climatology,166.73000000000025,399.83,-433.4400000000001,566.5600000000002
2026-07-09T20:00:05Z,ensemble_divergence,292.8400000000005,469.94,-237.21999999999997,762.7800000000004
2026-07-09T20:00:05Z,ensemble_divergence_lh,962.8199999999998,257.0,219.81999999999988,1219.8199999999997
2026-07-09T20:00:05Z,event_arbitrage,1000.0,0.0,0.0,1000.0
2026-07-09T20:00:05Z,intraday_nowcast,292.92000000000087,299.41,-407.6699999999998,592.3300000000008
2026-07-09T20:00:05Z,longshot_fade_dayb,958.74,53.72,12.460000000000008,1012.46
2026-07-09T20:00:05Z,market_making,1907.6436504400085,276.61759269,955.1429566300003,2184.2612431300086
2026-07-09T22:30:05Z,climatology,166.73000000000025,399.83,-433.4400000000001,566.5600000000002
2026-07-09T22:30:05Z,ensemble_divergence,292.8400000000005,469.94,-237.21999999999997,762.7800000000004
2026-07-09T22:30:05Z,ensemble_divergence_lh,962.8199999999998,257.0,219.81999999999988,1219.8199999999997
2026-07-09T22:30:05Z,event_arbitrage,1000.0,0.0,0.0,1000.0
2026-07-09T22:30:05Z,intraday_nowcast,292.92000000000087,299.41,-407.6699999999998,592.3300000000008
2026-07-09T22:30:05Z,longshot_fade_dayb,958.74,53.72,12.460000000000008,1012.46
2026-07-09T22:30:05Z,market_making,1907.6436504400085,276.61759269,955.1429566300003,2184.2612431300086
2026-07-09T23:00:05Z,climatology,240.38000000000025,350.17,-409.4500000000001,590.5500000000003
2026-07-09T23:00:05Z,ensemble_divergence,293.55000000000047,485.28000000000003,-221.16999999999996,778.8300000000005
2026-07-09T23:00:05Z,ensemble_divergence_lh,924.3899999999998,295.43,219.81999999999988,1219.8199999999997
2026-07-09T23:00:05Z,event_arbitrage,1000.0,0.0,0.0,1000.0
2026-07-09T23:00:05Z,intraday_nowcast,435.9400000000008,222.62,-341.43999999999977,658.5600000000009
2026-07-09T23:00:05Z,longshot_fade_dayb,958.74,53.72,12.460000000000008,1012.46
2026-07-09T23:00:05Z,market_making,1622.8076857900087,561.45355734,955.1429566300003,2184.2612431300086
2026-07-10T02:00:09Z,climatology,223.73000000000025,366.82,-409.4500000000001,590.5500000000002
2026-07-10T02:00:09Z,ensemble_divergence,291.1000000000005,499.49,-209.40999999999997,790.5900000000005
2026-07-10T02:00:09Z,ensemble_divergence_lh,882.3699999999998,337.45,219.81999999999988,1219.8199999999997
2026-07-10T02:00:09Z,event_arbitrage,1000.0,0.0,0.0,1000.0
2026-07-10T02:00:09Z,intraday_nowcast,435.9400000000008,222.62,-341.43999999999977,658.5600000000009
2026-07-10T02:00:09Z,longshot_fade_dayb,958.74,53.72,12.460000000000008,1012.46
2026-07-10T02:00:09Z,market_making,1399.905550290009,784.3556928400001,955.1429566300003,2184.261243130009
2026-07-10T08:00:08Z,climatology,35.83000000000024,554.72,-409.4500000000001,590.5500000000003
2026-07-10T08:00:08Z,ensemble_divergence,190.77000000000046,599.82,-209.40999999999997,790.5900000000005
2026-07-10T08:00:08Z,ensemble_divergence_lh,882.3699999999998,337.45,219.81999999999988,1219.8199999999997
2026-07-10T08:00:08Z,event_arbitrage,1000.0,0.0,0.0,1000.0
2026-07-10T08:00:08Z,intraday_nowcast,435.9400000000008,222.62,-341.43999999999977,658.5600000000009
2026-07-10T08:00:08Z,longshot_fade_dayb,958.74,53.72,12.460000000000008,1012.46
2026-07-10T08:00:08Z,market_making,1284.310893970009,899.95034916,955.1429566300003,2184.261243130009
2026-07-10T11:00:05Z,climatology,35.83000000000024,554.72,-409.4500000000001,590.5500000000003
2026-07-10T11:00:05Z,ensemble_divergence,199.81000000000046,599.95,-200.23999999999998,799.7600000000004
2026-07-10T11:00:05Z,ensemble_divergence_lh,882.3699999999998,337.45,219.81999999999988,1219.8199999999997
2026-07-10T11:00:05Z,event_arbitrage,1000.0,0.0,0.0,1000.0
2026-07-10T11:00:05Z,intraday_nowcast,435.9400000000008,222.62,-341.43999999999977,658.5600000000009
2026-07-10T11:00:05Z,longshot_fade_dayb,958.74,53.72,12.460000000000008,1012.46
2026-07-10T11:00:05Z,market_making,1284.280893970009,899.9803491600001,955.1429566300003,2184.261243130009
2026-07-10T14:00:05Z,climatology,55.24000000000024,540.32,-404.4400000000001,595.5600000000003
2026-07-10T14:00:05Z,ensemble_divergence,199.81000000000046,599.95,-200.23999999999998,799.7600000000004
2026-07-10T14:00:05Z,ensemble_divergence_lh,882.3699999999998,337.45,219.81999999999988,1219.8199999999997
2026-07-10T14:00:05Z,event_arbitrage,1000.0,0.0,0.0,1000.0
2026-07-10T14:00:05Z,intraday_nowcast,435.9400000000008,222.62,-341.43999999999977,658.5600000000009
2026-07-10T14:00:05Z,longshot_fade_dayb,958.74,53.72,12.460000000000008,1012.46
2026-07-10T14:00:05Z,market_making,1284.280893970009,899.9803491600001,955.1429566300003,2184.261243130009
2026-07-10T17:00:05Z,climatology,33.72000000000025,600.0,-366.28000000000014,633.7200000000003
2026-07-10T17:00:05Z,ensemble_divergence,199.81000000000046,599.95,-200.23999999999998,799.7600000000004
2026-07-10T17:00:05Z,ensemble_divergence_lh,882.3699999999998,337.45,219.81999999999988,1219.8199999999997
2026-07-10T17:00:05Z,event_arbitrage,1000.0,0.0,0.0,1000.0
2026-07-10T17:00:05Z,intraday_nowcast,435.9400000000008,222.62,-341.43999999999977,658.5600000000009
2026-07-10T17:00:05Z,longshot_fade_dayb,940.41,72.05,12.460000000000008,1012.4599999999999
2026-07-10T17:00:05Z,market_making,1284.280893970009,899.9803491600001,955.1429566300003,2184.261243130009
2026-07-10T18:30:03Z,climatology,58.72000000000025,526.97,-414.3100000000002,585.6900000000003
2026-07-10T18:30:03Z,ensemble_divergence,279.81000000000046,437.91,-282.2799999999999,717.7200000000005
2026-07-10T18:30:03Z,ensemble_divergence_lh,882.3699999999998,337.45,219.81999999999988,1219.8199999999997
2026-07-10T18:30:03Z,event_arbitrage,1000.0,0.0,0.0,1000.0
2026-07-10T18:30:03Z,intraday_nowcast,485.9400000000008,0.0,-514.0600000000002,485.9400000000008
2026-07-10T18:30:03Z,longshot_fade_dayb,970.41,45.050000000000004,15.46000000000001,1015.4599999999999
2026-07-10T18:30:03Z,market_making,1754.350893970009,469.57608052,994.80868799,2223.9269744900093
2026-07-10T20:00:07Z,climatology,58.72000000000025,526.97,-414.3100000000002,585.6900000000003
2026-07-10T20:00:07Z,ensemble_divergence,279.81000000000046,437.91,-282.2799999999999,717.7200000000005
2026-07-10T20:00:07Z,ensemble_divergence_lh,882.3699999999998,337.45,219.81999999999988,1219.8199999999997
2026-07-10T20:00:07Z,event_arbitrage,1000.0,0.0,0.0,1000.0
2026-07-10T20:00:07Z,intraday_nowcast,485.9400000000008,0.0,-514.0600000000002,485.9400000000008
2026-07-10T20:00:07Z,longshot_fade_dayb,970.41,45.050000000000004,15.46000000000001,1015.4599999999999
2026-07-10T20:00:07Z,market_making,1754.350893970009,469.57608052,994.80868799,2223.9269744900093
2026-07-10T22:30:05Z,climatology,58.72000000000025,526.97,-414.3100000000002,585.6900000000003
2026-07-10T22:30:05Z,ensemble_divergence,279.81000000000046,437.91,-282.2799999999999,717.7200000000005
2026-07-10T22:30:05Z,ensemble_divergence_lh,882.3699999999998,337.45,219.81999999999988,1219.8199999999997
2026-07-10T22:30:05Z,event_arbitrage,1000.0,0.0,0.0,1000.0
2026-07-10T22:30:05Z,intraday_nowcast,485.9400000000008,0.0,-514.0600000000002,485.9400000000008
2026-07-10T22:30:05Z,longshot_fade_dayb,970.41,45.050000000000004,15.46000000000001,1015.4599999999999
2026-07-10T22:30:05Z,market_making,1754.350893970009,469.57608052,994.80868799,2223.9269744900093
2026-07-10T23:00:08Z,climatology,58.72000000000025,526.97,-414.3100000000002,585.6900000000003
2026-07-10T23:00:08Z,ensemble_divergence,279.81000000000046,437.91,-282.2799999999999,717.7200000000005
2026-07-10T23:00:08Z,ensemble_divergence_lh,882.3699999999998,337.45,219.81999999999988,1219.8199999999997
2026-07-10T23:00:08Z,event_arbitrage,1000.0,0.0,0.0,1000.0
2026-07-10T23:00:08Z,intraday_nowcast,485.9400000000008,0.0,-514.0600000000002,485.9400000000008
2026-07-10T23:00:08Z,longshot_fade_dayb,970.41,45.050000000000004,15.46000000000001,1015.4599999999999
2026-07-10T23:00:08Z,market_making,1754.350893970009,469.57608052,994.80868799,2223.9269744900093
2026-07-11T02:00:04Z,climatology,105.72000000000038,599.5699999999999,-294.7100000000001,705.2900000000003
2026-07-11T02:00:04Z,ensemble_divergence,196.35000000000048,599.98,-203.6699999999999,796.3300000000005
2026-07-11T02:00:04Z,ensemble_divergence_lh,619.95,599.87,219.81999999999988,1219.8200000000002
2026-07-11T02:00:04Z,event_arbitrage,1000.0,0.0,0.0,1000.0
2026-07-11T02:00:04Z,intraday_nowcast,472.9800000000003,12.96,-514.0600000000002,485.9400000000003
2026-07-11T02:00:04Z,longshot_fade_dayb,961.25,54.21,15.46000000000001,1015.46
2026-07-11T02:00:04Z,market_making,1403.0093429700091,820.91763152,994.80868799,2223.9269744900093
2026-07-11T17:00:08Z,climatology,114.40000000000039,599.95,-285.6500000000001,714.3500000000005
2026-07-11T17:00:08Z,ensemble_divergence,196.35000000000048,599.98,-203.6699999999999,796.3300000000005
2026-07-11T17:00:08Z,ensemble_divergence_lh,619.95,599.87,219.81999999999988,1219.8200000000002
2026-07-11T17:00:08Z,event_arbitrage,1000.0,0.0,0.0,1000.0
2026-07-11T17:00:08Z,intraday_nowcast,60.200000000000266,425.74,-514.0600000000002,485.9400000000003
2026-07-11T17:00:08Z,longshot_fade_dayb,932.73,82.73,15.46000000000001,1015.46
2026-07-11T17:00:08Z,market_making,1323.9448389700094,899.98213552,994.80868799,2223.9269744900093
2026-07-11T18:30:19Z,climatology,114.40000000000039,599.95,-285.6500000000001,714.3500000000005
2026-07-11T18:30:19Z,ensemble_divergence,196.35000000000048,599.98,-203.6699999999999,796.3300000000005
2026-07-11T18:30:19Z,ensemble_divergence_lh,619.95,599.87,219.81999999999988,1219.8200000000002
2026-07-11T18:30:19Z,event_arbitrage,1000.0,0.0,0.0,1000.0
2026-07-11T18:30:19Z,intraday_nowcast,60.200000000000266,425.74,-514.0600000000002,485.9400000000003
2026-07-11T18:30:19Z,longshot_fade_dayb,932.73,82.73,15.46000000000001,1015.46
2026-07-11T18:30:19Z,market_making,1323.9448389700094,899.98213552,994.80868799,2223.9269744900093
2026-07-12T16:05:40Z,climatology,114.40000000000039,599.95,-285.6500000000001,714.3500000000005
2026-07-12T16:05:40Z,ensemble_divergence,196.35000000000048,599.98,-203.6699999999999,796.3300000000005
2026-07-12T16:05:40Z,ensemble_divergence_lh,619.95,599.87,219.81999999999988,1219.8200000000002
2026-07-12T16:05:40Z,event_arbitrage,1000.0,0.0,0.0,1000.0
2026-07-12T16:05:40Z,intraday_nowcast,0.010000000000263326,485.93,-514.0600000000002,485.9400000000003
2026-07-12T16:05:40Z,longshot_fade_dayb,932.73,82.73,15.46000000000001,1015.46
2026-07-12T16:05:40Z,market_making,1323.9448389700094,899.98213552,994.80868799,2223.9269744900093
2026-07-12T17:35:36Z,climatology,515.4000000000003,16.049999999999997,-468.55000000000035,531.4500000000003
2026-07-12T17:35:36Z,ensemble_divergence,887.3500000000005,0.0,-112.64999999999995,887.3500000000005
2026-07-12T17:35:36Z,ensemble_divergence_lh,1346.95,0.0,346.95,1346.95
2026-07-12T17:35:36Z,event_arbitrage,1000.0,0.0,0.0,1000.0
2026-07-12T17:35:36Z,intraday_nowcast,550.0100000000002,60.190000000000005,-389.80000000000064,610.2000000000003
2026-07-12T17:35:36Z,longshot_fade_dayb,982.73,28.519999999999996,11.25000000000001,1011.25
2026-07-12T17:35:36Z,market_making,2260.1380389700093,0.0,1031.019752470001,2260.1380389700093
2026-07-12T19:00:04Z,climatology,0.06000000000036862,531.39,-468.55000000000035,531.4500000000004
2026-07-12T19:00:04Z,ensemble_divergence,287.4600000000006,599.89,-112.64999999999995,887.3500000000006
2026-07-12T19:00:04Z,ensemble_divergence_lh,897.0800000000003,449.87,346.95,1346.9500000000003
2026-07-12T19:00:04Z,event_arbitrage,1000.0,0.0,0.0,1000.0
2026-07-12T19:00:04Z,intraday_nowcast,155.31000000000026,455.24,-389.4500000000006,610.5500000000003
2026-07-12T19:00:04Z,longshot_fade_dayb,955.63,55.61999999999999,11.25000000000001,1011.25
2026-07-12T19:00:04Z,market_making,1732.1320000800104,528.00603889,1031.019752470001,2260.1380389700103
2026-07-12T21:30:35Z,climatology,0.06000000000036862,531.39,-468.55000000000035,531.4500000000004
2026-07-12T21:30:35Z,ensemble_divergence,287.4600000000006,599.89,-112.64999999999995,887.3500000000006
2026-07-12T21:30:35Z,ensemble_divergence_lh,897.0800000000003,449.87,346.95,1346.9500000000003
2026-07-12T21:30:35Z,event_arbitrage,1000.0,0.0,0.0,1000.0
2026-07-12T21:30:35Z,intraday_nowcast,155.31000000000026,455.24,-389.4500000000006,610.5500000000003
2026-07-12T21:30:35Z,longshot_fade_dayb,955.63,55.61999999999999,11.25000000000001,1011.25
2026-07-12T21:30:35Z,market_making,1732.1320000800104,528.00603889,1031.019752470001,2260.1380389700103
2026-07-13T07:00:11Z,climatology,0.06000000000036862,531.39,-468.55000000000035,531.4500000000004
2026-07-13T07:00:11Z,ensemble_divergence,287.4600000000006,599.89,-112.64999999999995,887.3500000000006
2026-07-13T07:00:11Z,ensemble_divergence_lh,876.4600000000002,476.99,353.45,1353.4500000000003
2026-07-13T07:00:11Z,event_arbitrage,1000.0,0.0,0.0,1000.0
2026-07-13T07:00:11Z,intraday_nowcast,155.31000000000026,455.24,-389.4500000000006,610.5500000000003
2026-07-13T07:00:11Z,longshot_fade_dayb,955.63,55.61999999999999,11.25000000000001,1011.25
2026-07-13T07:00:11Z,market_making,1360.1394519300104,899.99858704,1031.019752470001,2260.1380389700103
2026-07-13T10:06:57Z,climatology,0.06000000000036862,531.39,-468.55000000000035,531.4500000000004
2026-07-13T10:06:57Z,ensemble_divergence,295.5700000000006,599.9,-104.52999999999994,895.4700000000006
2026-07-13T10:06:57Z,ensemble_divergence_lh,876.4600000000002,476.99,353.45,1353.4500000000003
2026-07-13T10:06:57Z,event_arbitrage,1000.0,0.0,0.0,1000.0
2026-07-13T10:06:57Z,intraday_nowcast,155.31000000000026,455.24,-389.4500000000006,610.5500000000003
2026-07-13T10:06:57Z,longshot_fade_dayb,955.63,55.61999999999999,11.25000000000001,1011.25
2026-07-13T10:06:57Z,market_making,1360.1394519300104,899.99858704,1031.019752470001,2260.1380389700103
2026-07-13T16:00:04Z,climatology,0.07000000000036977,535.71,-464.22000000000037,535.7800000000004
2026-07-13T16:00:04Z,ensemble_divergence,295.5700000000006,599.9,-104.52999999999994,895.4700000000006
2026-07-13T16:00:04Z,ensemble_divergence_lh,753.5000000000001,599.95,353.45,1353.4500000000003
2026-07-13T16:00:04Z,event_arbitrage,1000.0,0.0,0.0,1000.0
2026-07-13T16:00:04Z,intraday_nowcast,10.57000000000026,599.98,-389.4500000000006,610.5500000000003
2026-07-13T16:00:04Z,longshot_fade_dayb,955.63,55.61999999999999,11.25000000000001,1011.25
2026-07-13T16:00:04Z,market_making,1360.1394519300104,899.99858704,1031.019752470001,2260.1380389700103
2026-07-13T17:30:04Z,climatology,202.07000000000036,414.88,-383.0500000000004,616.9500000000004
2026-07-13T17:30:04Z,ensemble_divergence,655.5700000000006,353.95,9.520000000000056,1009.5200000000007
2026-07-13T17:30:04Z,ensemble_divergence_lh,753.5000000000001,599.95,353.45,1353.4500000000003
2026-07-13T17:30:04Z,event_arbitrage,1000.0,0.0,0.0,1000.0
2026-07-13T17:30:04Z,intraday_nowcast,560.5700000000003,144.74,-294.6900000000008,705.3100000000003
2026-07-13T17:30:04Z,longshot_fade_dayb,985.63,27.099999999999998,12.730000000000015,1012.73
2026-07-13T17:30:04Z,market_making,1700.8450519300102,521.5185274,993.2452928300013,2222.36357933001
2026-07-13T19:00:04Z,climatology,20.150000000000322,599.95,-379.90000000000043,620.1000000000004
2026-07-13T19:00:04Z,ensemble_divergence,427.8300000000007,599.95,27.78000000000006,1027.7800000000007
2026-07-13T19:00:04Z,ensemble_divergence_lh,753.5000000000001,599.95,353.45,1353.4500000000003
2026-07-13T19:00:04Z,event_arbitrage,1000.0,0.0,0.0,1000.0
2026-07-13T19:00:04Z,intraday_nowcast,277.38000000000017,469.37,-253.25000000000082,746.7500000000002
2026-07-13T19:00:04Z,longshot_fade_dayb,958.34,54.39,12.730000000000015,1012.73
2026-07-13T19:00:04Z,market_making,1322.3694209800108,899.99415835,993.2452928300013,2222.363579330011
2026-07-13T21:30:04Z,climatology,20.150000000000322,599.95,-379.90000000000043,620.1000000000004
2026-07-13T21:30:04Z,ensemble_divergence,427.8300000000007,599.95,27.78000000000006,1027.7800000000007
2026-07-13T21:30:04Z,ensemble_divergence_lh,753.5000000000001,599.95,353.45,1353.4500000000003
2026-07-13T21:30:04Z,event_arbitrage,1000.0,0.0,0.0,1000.0
2026-07-13T21:30:04Z,intraday_nowcast,277.38000000000017,469.37,-253.25000000000082,746.7500000000002
2026-07-13T21:30:04Z,longshot_fade_dayb,958.34,54.39,12.730000000000015,1012.73
2026-07-13T21:30:04Z,market_making,1322.3694209800108,899.99415835,993.2452928300013,2222.363579330011
2026-07-13T22:00:04Z,climatology,60.48000000000033,599.91,-339.6100000000004,660.3900000000003
2026-07-13T22:00:04Z,ensemble_divergence,427.8300000000007,599.95,27.78000000000006,1027.7800000000007
2026-07-13T22:00:04Z,ensemble_divergence_lh,753.5000000000001,599.95,353.45,1353.4500000000003
2026-07-13T22:00:04Z,event_arbitrage,1000.0,0.0,0.0,1000.0
2026-07-13T22:00:04Z,intraday_nowcast,277.38000000000017,469.37,-253.25000000000082,746.7500000000002
2026-07-13T22:00:04Z,longshot_fade_dayb,958.34,54.39,12.730000000000015,1012.73
2026-07-13T22:00:04Z,market_making,1322.3694209800108,899.99415835,993.2452928300013,2222.363579330011
2026-07-14T01:00:04Z,climatology,69.70000000000034,599.62,-330.6800000000004,669.3200000000004
2026-07-14T01:00:04Z,ensemble_divergence,469.87000000000063,599.85,69.72000000000006,1069.7200000000007
2026-07-14T01:00:04Z,ensemble_divergence_lh,753.5000000000001,599.95,353.45,1353.4500000000003
2026-07-14T01:00:04Z,event_arbitrage,1000.0,0.0,0.0,1000.0
2026-07-14T01:00:04Z,intraday_nowcast,468.1999999999998,381.45,-150.35000000000082,849.6499999999999
2026-07-14T01:00:04Z,longshot_fade_dayb,958.34,54.39,12.730000000000015,1012.73
2026-07-14T01:00:04Z,market_making,1322.3694209800108,899.99415835,993.2452928300013,2222.363579330011
2026-07-14T10:02:47Z,climatology,69.70000000000034,599.62,-330.6800000000004,669.3200000000004
2026-07-14T10:02:47Z,ensemble_divergence,469.74000000000063,599.98,69.72000000000006,1069.7200000000007
2026-07-14T10:02:47Z,ensemble_divergence_lh,753.5000000000001,599.95,353.45,1353.4500000000003
2026-07-14T10:02:47Z,event_arbitrage,1000.0,0.0,0.0,1000.0
2026-07-14T10:02:47Z,intraday_nowcast,249.65999999999977,599.99,-150.35000000000082,849.6499999999997
2026-07-14T10:02:47Z,longshot_fade_dayb,958.34,54.39,12.730000000000015,1012.73
2026-07-14T10:02:47Z,market_making,1322.3694209800108,899.99415835,993.2452928300013,2222.363579330011
2026-07-14T13:39:38Z,climatology,69.42000000000034,599.9,-330.6800000000004,669.3200000000003
2026-07-14T13:39:38Z,ensemble_divergence,469.74000000000063,599.98,69.72000000000006,1069.7200000000007
2026-07-14T13:39:38Z,ensemble_divergence_lh,753.5000000000001,599.95,353.45,1353.4500000000003
2026-07-14T13:39:38Z,event_arbitrage,1000.0,0.0,0.0,1000.0
2026-07-14T13:39:38Z,intraday_nowcast,249.65999999999977,599.99,-150.35000000000082,849.6499999999997
2026-07-14T13:39:38Z,longshot_fade_dayb,958.34,54.39,12.730000000000015,1012.73
2026-07-14T13:39:38Z,market_making,1322.3694209800108,899.99415835,993.2452928300013,2222.363579330011
2026-07-14T16:00:05Z,climatology,69.42000000000034,599.9,-330.6800000000004,669.3200000000003
2026-07-14T16:00:05Z,ensemble_divergence,469.74000000000063,599.98,69.72000000000006,1069.7200000000007
2026-07-14T16:00:05Z,ensemble_divergence_lh,753.5000000000001,599.95,353.45,1353.4500000000003
2026-07-14T16:00:05Z,event_arbitrage,1000.0,0.0,0.0,1000.0
2026-07-14T16:00:05Z,intraday_nowcast,267.20999999999975,600.0,-132.79000000000082,867.2099999999998
2026-07-14T16:00:05Z,longshot_fade_dayb,958.34,54.39,12.730000000000015,1012.73
2026-07-14T16:00:05Z,market_making,1322.3694209800108,899.99415835,993.2452928300013,2222.363579330011
2026-07-14T17:30:05Z,climatology,244.42000000000036,338.81,-416.7700000000003,583.2300000000004
2026-07-14T17:30:05Z,ensemble_divergence,629.7400000000007,304.88,-65.37999999999997,934.6200000000007
2026-07-14T17:30:05Z,ensemble_divergence_lh,1153.5,122.96,276.46,1276.46
2026-07-14T17:30:05Z,event_arbitrage,1000.0,0.0,0.0,1000.0
2026-07-14T17:30:05Z,intraday_nowcast,417.20999999999975,218.55,-364.24000000000086,635.7599999999998
2026-07-14T17:30:05Z,longshot_fade_dayb,988.34,27.29,15.630000000000017,1015.63
2026-07-14T17:30:05Z,market_making,2180.519320980011,77.1923349,1028.5933693800018,2257.7116558800108
2026-07-14T19:00:04Z,climatology,0.04000000000035989,592.49,-407.4700000000003,592.5300000000003
2026-07-14T19:00:04Z,ensemble_divergence,332.8400000000008,599.98,-67.17999999999996,932.8200000000008
2026-07-14T19:00:04Z,ensemble_divergence_lh,683.3899999999996,593.07,276.46,1276.4599999999996
2026-07-14T19:00:04Z,event_arbitrage,1000.0,0.0,0.0,1000.0
2026-07-14T19:00:04Z,intraday_nowcast,47.22999999999982,599.99,-352.7800000000008,647.2199999999998
2026-07-14T19:00:04Z,longshot_fade_dayb,960.48,55.15,15.630000000000017,1015.63
2026-07-14T19:00:04Z,market_making,1573.9445179500117,683.76713793,1028.5933693800018,2257.7116558800117
2026-07-14T21:30:15Z,climatology,0.04000000000035989,592.49,-407.4700000000003,592.5300000000003
2026-07-14T21:30:15Z,ensemble_divergence,332.8400000000008,599.98,-67.17999999999996,932.8200000000008
2026-07-14T21:30:15Z,ensemble_divergence_lh,683.3899999999996,593.07,276.46,1276.4599999999996
2026-07-14T21:30:15Z,event_arbitrage,1000.0,0.0,0.0,1000.0
2026-07-14T21:30:15Z,intraday_nowcast,47.22999999999982,599.99,-352.7800000000008,647.2199999999998
2026-07-14T21:30:15Z,longshot_fade_dayb,960.48,55.15,15.630000000000017,1015.63
2026-07-14T21:30:15Z,market_making,1573.9445179500117,683.76713793,1028.5933693800018,2257.7116558800117
2026-07-15T01:04:48Z,climatology,13.33000000000036,599.88,-386.79000000000025,613.2100000000004
2026-07-15T01:04:48Z,ensemble_divergence,332.8400000000008,599.98,-67.17999999999996,932.8200000000008
2026-07-15T01:04:48Z,ensemble_divergence_lh,676.5299999999996,599.9300000000001,276.46,1276.4599999999996
2026-07-15T01:04:48Z,event_arbitrage,1000.0,0.0,0.0,1000.0
2026-07-15T01:04:48Z,intraday_nowcast,273.8599999999997,451.23,-274.9100000000009,725.0899999999997
2026-07-15T01:04:48Z,longshot_fade_dayb,960.48,55.15,15.630000000000017,1015.63
2026-07-15T01:04:48Z,market_making,1357.7226398300118,899.98901605,1028.5933693800018,2257.7116558800117
2026-07-15T07:00:07Z,climatology,13.33000000000036,599.88,-386.79000000000025,613.2100000000004
2026-07-15T07:00:07Z,ensemble_divergence,332.8400000000008,599.98,-67.17999999999996,932.8200000000008
2026-07-15T07:00:07Z,ensemble_divergence_lh,676.5299999999996,599.9300000000001,276.46,1276.4599999999996
2026-07-15T07:00:07Z,event_arbitrage,1000.0,0.0,0.0,1000.0
2026-07-15T07:00:07Z,intraday_nowcast,273.8599999999997,451.23,-274.9100000000009,725.0899999999997
2026-07-15T07:00:07Z,longshot_fade_dayb,960.48,55.15,15.630000000000017,1015.63
2026-07-15T07:00:07Z,market_making,1357.7226398300118,899.98901605,1028.5933693800018,2257.7116558800117
2026-07-15T10:00:03Z,climatology,13.33000000000036,599.88,-386.79000000000025,613.2100000000004
2026-07-15T10:00:03Z,ensemble_divergence,332.8400000000008,599.98,-67.17999999999996,932.8200000000008
2026-07-15T10:00:03Z,ensemble_divergence_lh,676.5299999999996,599.9300000000001,276.46,1276.4599999999996
2026-07-15T10:00:03Z,event_arbitrage,1000.0,0.0,0.0,1000.0
2026-07-15T10:00:03Z,intraday_nowcast,273.8599999999997,451.23,-274.9100000000009,725.0899999999997
2026-07-15T10:00:03Z,longshot_fade_dayb,960.48,55.15,15.630000000000017,1015.63
2026-07-15T10:00:03Z,market_making,1357.7226398300118,899.98901605,1028.5933693800018,2257.7116558800117
2026-07-15T13:00:04Z,climatology,13.33000000000036,599.88,-386.79000000000025,613.2100000000004
2026-07-15T13:00:04Z,ensemble_divergence,332.8400000000008,599.98,-67.17999999999996,932.8200000000008
2026-07-15T13:00:04Z,ensemble_divergence_lh,676.5299999999996,599.9300000000001,276.46,1276.4599999999996
2026-07-15T13:00:04Z,event_arbitrage,1000.0,0.0,0.0,1000.0
2026-07-15T13:00:04Z,intraday_nowcast,273.8599999999997,451.23,-274.9100000000009,725.0899999999997
2026-07-15T13:00:04Z,longshot_fade_dayb,960.48,55.15,15.630000000000017,1015.63
2026-07-15T13:00:04Z,market_making,1357.7226398300118,899.98901605,1028.5933693800018,2257.7116558800117
2026-07-15T16:00:10Z,climatology,13.33000000000036,599.88,-386.79000000000025,613.2100000000004
2026-07-15T16:00:10Z,ensemble_divergence,332.8400000000008,599.98,-67.17999999999996,932.8200000000008
2026-07-15T16:00:10Z,ensemble_divergence_lh,676.5299999999996,599.9300000000001,276.46,1276.4599999999996
2026-07-15T16:00:10Z,event_arbitrage,1000.0,0.0,0.0,1000.0
2026-07-15T16:00:10Z,intraday_nowcast,273.8599999999997,451.23,-274.9100000000009,725.0899999999997
2026-07-15T16:00:10Z,longshot_fade_dayb,960.48,55.15,15.630000000000017,1015.63
2026-07-15T16:00:10Z,market_making,1357.7226398300118,899.98901605,1028.5933693800018,2257.7116558800117
2026-07-15T19:00:03Z,climatology,36.26000000000035,599.97,-363.77000000000027,636.2300000000004
2026-07-15T19:00:03Z,ensemble_divergence,332.8400000000008,599.98,-67.17999999999996,932.8200000000008
2026-07-15T19:00:03Z,ensemble_divergence_lh,676.5299999999996,599.9300000000001,276.46,1276.4599999999996
2026-07-15T19:00:03Z,event_arbitrage,1000.0,0.0,0.0,1000.0
2026-07-15T19:00:03Z,intraday_nowcast,273.8599999999997,451.23,-274.9100000000009,725.0899999999997
2026-07-15T19:00:03Z,longshot_fade_dayb,933.48,82.15,15.630000000000017,1015.63
2026-07-15T19:00:03Z,market_making,1357.7226398300118,899.98901605,1028.5933693800018,2257.7116558800117
2026-07-15T21:30:03Z,climatology,183.26000000000036,363.04,-453.7000000000002,546.3000000000004
2026-07-15T21:30:03Z,ensemble_divergence,615.8400000000008,255.17000000000002,-128.98999999999998,871.0100000000009
2026-07-15T21:30:03Z,ensemble_divergence_lh,757.5299999999996,476.97,234.49999999999994,1234.4999999999995
2026-07-15T21:30:03Z,event_arbitrage,1000.0,0.0,0.0,1000.0
2026-07-15T21:30:03Z,intraday_nowcast,424.8599999999997,0.0,-575.140000000001,424.8599999999997
2026-07-15T21:30:03Z,longshot_fade_dayb,953.48,54.86,8.340000000000018,1008.34
2026-07-15T21:30:03Z,market_making,2004.7694398300118,275.49820707,1051.1493604000027,2280.2676469000116
2026-07-15T22:00:03Z,climatology,0.09000000000037,551.38,-448.5300000000002,551.4700000000004
2026-07-15T22:00:03Z,ensemble_divergence,284.8100000000009,599.78,-115.40999999999998,884.5900000000008
2026-07-15T22:00:03Z,ensemble_divergence_lh,634.6099999999996,599.89,234.49999999999994,1234.4999999999995
2026-07-15T22:00:03Z,event_arbitrage,1000.0,0.0,0.0,1000.0
2026-07-15T22:00:03Z,intraday_nowcast,340.82999999999925,84.03,-575.140000000001,424.8599999999992
2026-07-15T22:00:03Z,longshot_fade_dayb,953.48,54.86,8.340000000000018,1008.34
2026-07-15T22:00:03Z,market_making,1399.1152944400114,881.15235246,1051.1493604000027,2280.2676469000116
2026-07-16T01:00:05Z,climatology,0.4100000000003705,559.9399999999999,-439.6500000000002,560.3500000000004
2026-07-16T01:00:05Z,ensemble_divergence,284.66000000000093,599.93,-115.40999999999998,884.5900000000008
2026-07-16T01:00:05Z,ensemble_divergence_lh,634.6099999999996,599.89,234.49999999999994,1234.4999999999995
2026-07-16T01:00:05Z,event_arbitrage,1000.0,0.0,0.0,1000.0
2026-07-16T01:00:05Z,intraday_nowcast,339.2099999999992,85.65,-575.140000000001,424.8599999999992
2026-07-16T01:00:05Z,longshot_fade_dayb,953.48,54.86,8.340000000000018,1008.34
2026-07-16T01:00:05Z,market_making,1380.2814124400113,899.98623446,1051.1493604000027,2280.267646900011
2026-07-16T07:01:55Z,climatology,0.010000000000369713,565.26,-434.7300000000002,565.2700000000003
2026-07-16T07:01:55Z,ensemble_divergence,284.66000000000093,599.93,-115.40999999999998,884.5900000000008
2026-07-16T07:01:55Z,ensemble_divergence_lh,634.6099999999996,599.89,234.49999999999994,1234.4999999999995
2026-07-16T07:01:55Z,event_arbitrage,1000.0,0.0,0.0,1000.0
2026-07-16T07:01:55Z,intraday_nowcast,0.24999999999921307,424.61,-575.140000000001,424.8599999999992
2026-07-16T07:01:55Z,longshot_fade_dayb,953.48,54.86,8.340000000000018,1008.34
2026-07-16T07:01:55Z,market_making,1380.2814124400113,899.98623446,1051.1493604000027,2280.267646900011
2026-07-16T16:00:04Z,climatology,0.010000000000369713,565.26,-434.7300000000002,565.2700000000003
2026-07-16T16:00:04Z,ensemble_divergence,284.0000000000009,599.99,-116.00999999999998,883.9900000000009
2026-07-16T16:00:04Z,ensemble_divergence_lh,634.6099999999996,599.89,234.49999999999994,1234.4999999999995
2026-07-16T16:00:04Z,event_arbitrage,1000.0,0.0,0.0,1000.0
2026-07-16T16:00:04Z,intraday_nowcast,0.06999999999920448,444.06,-555.870000000001,444.1299999999992
2026-07-16T16:00:04Z,longshot_fade_dayb,953.48,54.86,8.340000000000018,1008.34
2026-07-16T16:00:04Z,market_making,1380.2814124400113,899.98623446,1051.1493604000027,2280.267646900011
2026-07-16T17:30:18Z,climatology,192.0100000000004,348.56,-459.43000000000035,540.5700000000004
2026-07-16T17:30:18Z,ensemble_divergence,444.0000000000009,343.42,-212.57999999999998,787.420000000001
2026-07-16T17:30:18Z,ensemble_divergence_lh,994.6099999999996,122.92,117.52999999999989,1117.5299999999995
2026-07-16T17:30:18Z,event_arbitrage,1000.0,0.0,0.0,1000.0
2026-07-16T17:30:18Z,intraday_nowcast,50.069999999999204,358.41,-591.5200000000003,408.4799999999992
2026-07-16T17:30:18Z,longshot_fade_dayb,983.48,27.0,10.480000000000016,1010.48
2026-07-16T17:30:18Z,market_making,2273.9272124400104,17.340799999999998,1062.149725940003,2291.2680124400104
2026-07-16T19:00:04Z,climatology,0.09000000000039697,561.93,-437.9800000000003,562.0200000000003
2026-07-16T19:00:04Z,ensemble_divergence,202.73000000000084,599.98,-197.29,802.7100000000008
2026-07-16T19:00:04Z,ensemble_divergence_lh,565.3099999999996,552.22,117.52999999999989,1117.5299999999997
2026-07-16T19:00:04Z,event_arbitrage,1000.0,0.0,0.0,1000.0
2026-07-16T19:00:04Z,intraday_nowcast,0.0399999999992427,391.11,-608.8500000000003,391.14999999999924
2026-07-16T19:00:04Z,longshot_fade_dayb,956.1899999999999,54.29,10.480000000000016,1010.4799999999999
2026-07-16T19:00:04Z,market_making,1562.72658772001,728.54142472,1062.149725940003,2291.26801244001
2026-07-16T21:30:04Z,climatology,0.09000000000039697,561.93,-437.9800000000003,562.0200000000003
2026-07-16T21:30:04Z,ensemble_divergence,202.73000000000084,599.98,-197.29,802.7100000000008
2026-07-16T21:30:04Z,ensemble_divergence_lh,565.3099999999996,552.22,117.52999999999989,1117.5299999999997
2026-07-16T21:30:04Z,event_arbitrage,1000.0,0.0,0.0,1000.0
2026-07-16T21:30:04Z,intraday_nowcast,0.0399999999992427,391.11,-608.8500000000003,391.14999999999924
2026-07-16T21:30:04Z,longshot_fade_dayb,956.1899999999999,54.29,10.480000000000016,1010.4799999999999
2026-07-16T21:30:04Z,market_making,1562.72658772001,728.54142472,1062.149725940003,2291.26801244001
2026-07-16T22:00:04Z,climatology,0.09000000000039697,561.93,-437.9800000000003,562.0200000000003
2026-07-16T22:00:04Z,ensemble_divergence,257.7600000000008,599.84,-142.39999999999998,857.6000000000008
2026-07-16T22:00:04Z,ensemble_divergence_lh,518.3999999999996,599.13,117.52999999999989,1117.5299999999997
2026-07-16T22:00:04Z,event_arbitrage,1000.0,0.0,0.0,1000.0
2026-07-16T22:00:04Z,intraday_nowcast,118.90999999999937,355.06,-526.0300000000002,473.96999999999935
2026-07-16T22:00:04Z,longshot_fade_dayb,956.1899999999999,54.29,10.480000000000016,1010.4799999999999
2026-07-16T22:00:04Z,market_making,1391.2822137200096,899.9857987199999,1062.149725940003,2291.2680124400094
2026-07-17T16:00:06Z,climatology,0.09000000000039697,561.93,-437.9800000000003,562.0200000000003
2026-07-17T16:00:06Z,ensemble_divergence,257.6200000000008,599.98,-142.39999999999998,857.6000000000008
2026-07-17T16:00:06Z,ensemble_divergence_lh,517.6699999999996,599.86,117.52999999999989,1117.5299999999997
2026-07-17T16:00:06Z,event_arbitrage,1000.0,0.0,0.0,1000.0
2026-07-17T16:00:06Z,intraday_nowcast,0.009999999999363074,473.96,-526.0300000000002,473.96999999999935
2026-07-17T16:00:06Z,longshot_fade_dayb,956.1899999999999,54.29,10.480000000000016,1010.4799999999999
2026-07-17T16:00:06Z,market_making,1391.2822137200096,899.9857987199999,1062.149725940003,2291.2680124400094
2026-07-17T17:30:07Z,climatology,339.0900000000004,253.54999999999998,-407.36000000000035,592.6400000000003
2026-07-17T17:30:07Z,ensemble_divergence,457.6200000000008,286.21,-256.1700000000001,743.8300000000008
2026-07-17T17:30:07Z,ensemble_divergence_lh,622.6699999999996,476.94,99.6099999999999,1099.6099999999997
2026-07-17T17:30:07Z,event_arbitrage,1000.0,0.0,0.0,1000.0
2026-07-17T17:30:07Z,intraday_nowcast,150.00999999999937,118.89999999999999,-731.09,268.90999999999934
2026-07-17T17:30:07Z,longshot_fade_dayb,976.1899999999999,27.29,3.480000000000018,1003.4799999999999
2026-07-17T17:30:07Z,market_making,2098.4566137200095,208.4017379,1077.7400651200037,2306.8583516200097
2026-07-17T19:00:04Z,climatology,3.8500000000003127,599.98,-396.17000000000036,603.8300000000004
2026-07-17T19:00:04Z,ensemble_divergence,143.8400000000008,599.99,-256.1700000000001,743.8300000000008
2026-07-17T19:00:04Z,ensemble_divergence_lh,499.6499999999995,599.96,99.6099999999999,1099.6099999999997
2026-07-17T19:00:04Z,event_arbitrage,1000.0,0.0,0.0,1000.0
2026-07-17T19:00:04Z,intraday_nowcast,0.009999999999340127,291.56,-708.4300000000001,291.56999999999937
2026-07-17T19:00:04Z,longshot_fade_dayb,948.99,54.489999999999995,3.480000000000018,1003.48
2026-07-17T19:00:04Z,market_making,1478.07208100001,828.78627062,1077.7400651200037,2306.85835162001
